namespace,de - ate,teacher_Cadastrados,teacher_Unicos que entraram,teacher_Stickness,teacher_Tempo medio logado (min),teacher_Conteudos novos publicados,teacher_Tipos de conteudo,teacher_QPlanos novos publicados,student_Cadastrados,student_Unicos que entraram,student_Stickness,student_Tempo medio logado (min)
ateneulondrina,2015-01-19 - 2015-01-25,-,0,0.0,0.0,0,,0,-,0,0.0,0.0
ateneulondrina,2015-01-26 - 2015-02-01,-,0,0.0,0.0,0,,0,-,0,0.0,0.0
ateneulondrina,2015-02-02 - 2015-02-08,-,0,0.0,0.0,0,,0,-,0,0.0,0.0
ateneulondrina,2015-02-09 - 2015-02-15,-,0,0.0,0.0,0,,0,-,0,0.0,0.0
ateneulondrina,2015-02-16 - 2015-02-22,-,0,0.0,0.0,0,,0,-,0,0.0,0.0
ateneulondrina,2015-02-23 - 2015-03-01,-,0,0.0,0.0,0,,0,-,0,0.0,0.0
ateneulondrina,2015-03-02 - 2015-03-08,-,0,0.0,0.0,0,,0,-,0,0.0,0.0
ateneulondrina,2015-03-09 - 2015-03-15,1,0,0.0,0.0,0,,0,2,0,0.0,0.0
ateneulondrina,2015-03-16 - 2015-03-22,4,4,0.21428571428571427,0.28,0,,0,40,0,0.0,0.0
ateneulondrina,2015-03-23 - 2015-03-29,4,1,0.14285714285714285,1.29,0,,0,40,0,0.0,0.0
ateneulondrina,2015-03-30 - 2015-04-05,4,0,0.0,0.0,0,,0,40,0,0.0,0.0
ateneulondrina,2015-04-06 - 2015-04-12,4,1,0.14285714285714285,5.54,0,,0,41,1,0.14285714285714285,0.33
lasalledores,2015-01-19 - 2015-01-25,-,0,0.0,0.0,0,,0,-,0,0.0,0.0
lasalledores,2015-01-26 - 2015-02-01,-,0,0.0,0.0,0,,0,-,0,0.0,0.0
lasalledores,2015-02-02 - 2015-02-08,-,0,0.0,0.0,0,,0,-,0,0.0,0.0
lasalledores,2015-02-09 - 2015-02-15,-,0,0.0,0.0,0,,0,-,0,0.0,0.0
lasalledores,2015-02-16 - 2015-02-22,-,0,0.0,0.0,0,,0,-,0,0.0,0.0
lasalledores,2015-02-23 - 2015-03-01,1,0,0.0,0.0,0,,1,4,0,0.0,0.0
lasalledores,2015-03-02 - 2015-03-08,3,3,0.23809523809523808,4.15,0,,0,4,1,0.14285714285714285,19.56
lasalledores,2015-03-09 - 2015-03-15,3,1,0.14285714285714285,3.58,0,,0,0,0,0.0,0.0
lasalledores,2015-03-16 - 2015-03-22,3,1,0.14285714285714285,10.7,4,VIDEO: 4,1,95,0,0.0,21.07
lasalledores,2015-03-23 - 2015-03-29,3,0,0.0,0.0,0,,0,95,0,0.0,0.0
lasalledores,2015-03-30 - 2015-04-05,3,0,0.0,0.0,0,,0,95,0,0.0,0.0
lasalledores,2015-04-06 - 2015-04-12,3,1,0.42857142857142855,8.64,4,VIDEO: 4,1,95,11,0.18181818181818182,3.77
colegiodarwin,2015-01-19 - 2015-01-25,-,0,0.0,0.0,0,,0,-,0,0.0,0.0
colegiodarwin,2015-01-26 - 2015-02-01,-,0,0.0,0.0,0,,0,-,0,0.0,0.0
colegiodarwin,2015-02-02 - 2015-02-08,-,0,0.0,0.0,0,,0,-,0,0.0,0.0
colegiodarwin,2015-02-09 - 2015-02-15,-,0,0.0,0.0,0,,0,-,0,0.0,0.0
colegiodarwin,2015-02-16 - 2015-02-22,-,0,0.0,0.0,0,,0,-,0,0.0,0.0
colegiodarwin,2015-02-23 - 2015-03-01,-,0,0.0,0.0,0,,0,-,0,0.0,0.0
colegiodarwin,2015-03-02 - 2015-03-08,-,0,0.0,0.0,0,,0,-,0,0.0,0.0
colegiodarwin,2015-03-09 - 2015-03-15,0,0,0.0,0.0,0,,0,2,0,0.0,0.0
colegiodarwin,2015-03-16 - 2015-03-22,5,5,0.14285714285714285,0.08,0,,0,0,0,0.0,4.56
colegiodarwin,2015-03-23 - 2015-03-29,5,1,0.14285714285714285,3.38,0,,0,384,0,0.0,0.0
colegiodarwin,2015-03-30 - 2015-04-05,5,0,0.0,0.0,0,,0,384,0,0.0,0.79
colegiodarwin,2015-04-06 - 2015-04-12,5,2,0.14285714285714285,8.64,0,,0,385,1,0.14285714285714285,1.5
cfsantoantonio,2015-01-19 - 2015-01-25,-,0,0.0,0.0,0,,0,-,0,0.0,0.0
cfsantoantonio,2015-01-26 - 2015-02-01,-,0,0.0,0.0,0,,0,-,0,0.0,0.0
cfsantoantonio,2015-02-02 - 2015-02-08,-,0,0.0,0.0,0,,0,-,0,0.0,0.0
cfsantoantonio,2015-02-09 - 2015-02-15,-,0,0.0,0.0,0,,0,-,0,0.0,0.0
cfsantoantonio,2015-02-16 - 2015-02-22,-,0,0.0,0.0,0,,0,-,0,0.0,0.0
cfsantoantonio,2015-02-23 - 2015-03-01,4,2,0.14285714285714285,2.35,0,,1,81,0,0.0,42.1
cfsantoantonio,2015-03-02 - 2015-03-08,4,0,0.0,0.0,0,,1,82,1,0.14285714285714285,0.67
cfsantoantonio,2015-03-09 - 2015-03-15,5,1,0.14285714285714285,21.58,0,,0,82,0,0.0,0.0
cfsantoantonio,2015-03-16 - 2015-03-22,5,0,0.0,0.0,0,,0,82,0,0.0,0.0
cfsantoantonio,2015-03-23 - 2015-03-29,5,0,0.0,0.0,0,,0,83,1,0.14285714285714285,2.45
cfsantoantonio,2015-03-30 - 2015-04-05,4,0,0.0,0.0,0,,0,83,0,0.0,5.86
cfsantoantonio,2015-04-06 - 2015-04-12,4,0,0.0,0.0,0,,0,83,0,0.0,0.21
jesusmariajose,2015-01-19 - 2015-01-25,-,0,0.0,0.0,0,,0,-,0,0.0,0.0
jesusmariajose,2015-01-26 - 2015-02-01,-,0,0.0,0.0,0,,0,-,0,0.0,0.0
jesusmariajose,2015-02-02 - 2015-02-08,-,0,0.0,0.0,0,,0,-,0,0.0,0.0
jesusmariajose,2015-02-09 - 2015-02-15,-,0,0.0,0.0,17,"PRESENTATION: 2, VIDEO: 4, EXERCISELIST: 2, EXERCISE: 9",0,-,0,0.0,0.0
jesusmariajose,2015-02-16 - 2015-02-22,-,0,0.0,0.0,34,"VIDEO: 1, EXERCISELIST: 2, ARTICLE: 1, PRESENTATION: 5, EXERCISE: 25",0,-,0,0.0,0.0
jesusmariajose,2015-02-23 - 2015-03-01,5,4,0.17857142857142858,22.47,58,"VIDEO: 5, EXERCISELIST: 4, EXERCISE: 49",1,268,32,0.20089285714285715,5.43
jesusmariajose,2015-03-02 - 2015-03-08,5,1,0.2857142857142857,39.4,8,VIDEO: 8,5,272,95,0.18947368421052632,14.47
jesusmariajose,2015-03-09 - 2015-03-15,4,1,0.14285714285714285,92.3,22,"EXERCISE: 21, EXERCISELIST: 1",1,272,41,0.17073170731707316,5.14
jesusmariajose,2015-03-16 - 2015-03-22,4,1,0.2857142857142857,71.19,26,"EXERCISELIST: 2, EXERCISE: 24",2,272,101,0.22065063649222066,10.63
jesusmariajose,2015-03-23 - 2015-03-29,4,1,0.2857142857142857,87.31,0,,0,272,57,0.2155388471177945,9.94
jesusmariajose,2015-03-30 - 2015-04-05,4,1,0.14285714285714285,126.45,58,"EXERCISELIST: 2, EXERCISE: 56",2,275,14,0.19387755102040813,7.95
jesusmariajose,2015-04-06 - 2015-04-12,4,0,0.0,0.0,21,"EXERCISELIST: 1, EXERCISE: 20",0,275,104,0.20604395604395606,21.05
novadimensao,2015-01-19 - 2015-01-25,-,0,0.0,0.0,0,,0,-,0,0.0,0.0
novadimensao,2015-01-26 - 2015-02-01,-,0,0.0,0.0,0,,0,-,0,0.0,0.0
novadimensao,2015-02-02 - 2015-02-08,-,0,0.0,0.0,0,,0,-,0,0.0,0.0
novadimensao,2015-02-09 - 2015-02-15,-,0,0.0,0.0,0,,0,-,0,0.0,0.0
novadimensao,2015-02-16 - 2015-02-22,-,0,0.0,0.0,0,,0,-,0,0.0,0.0
novadimensao,2015-02-23 - 2015-03-01,-,0,0.0,0.0,0,,0,-,0,0.0,0.0
novadimensao,2015-03-02 - 2015-03-08,-,0,0.0,0.0,0,,0,-,0,0.0,0.0
novadimensao,2015-03-09 - 2015-03-15,2,0,0.0,0.0,0,,0,1,0,0.0,0.0
novadimensao,2015-03-16 - 2015-03-22,2,0,0.0,0.0,0,,0,1,0,0.0,0.0
novadimensao,2015-03-23 - 2015-03-29,2,0,0.0,0.0,0,,0,1,0,0.0,0.0
novadimensao,2015-03-30 - 2015-04-05,2,0,0.0,0.0,0,,0,1,0,0.0,0.0
novadimensao,2015-04-06 - 2015-04-12,1,0,0.0,0.0,0,,0,2,0,0.0,0.09
moria,2015-01-19 - 2015-01-25,-,0,0.0,0.0,0,,0,-,0,0.0,0.0
moria,2015-01-26 - 2015-02-01,-,0,0.0,0.0,0,,0,-,0,0.0,0.0
moria,2015-02-02 - 2015-02-08,-,0,0.0,0.0,0,,0,-,0,0.0,0.0
moria,2015-02-09 - 2015-02-15,-,0,0.0,0.0,0,,0,-,0,0.0,0.0
moria,2015-02-16 - 2015-02-22,-,0,0.0,0.0,0,,0,-,0,0.0,0.0
moria,2015-02-23 - 2015-03-01,2,0,0.0,0.0,0,,1,50,0,0.0,27.63
moria,2015-03-02 - 2015-03-08,4,2,0.14285714285714285,0.82,0,,0,50,0,0.0,7.17
moria,2015-03-09 - 2015-03-15,4,0,0.0,0.0,0,,0,50,0,0.0,0.0
moria,2015-03-16 - 2015-03-22,4,0,0.0,0.0,0,,0,51,0,0.0,6.23
moria,2015-03-23 - 2015-03-29,4,0,0.0,0.0,0,,0,51,0,0.0,0.0
moria,2015-03-30 - 2015-04-05,4,0,0.0,0.0,0,,0,51,0,0.0,0.0
moria,2015-04-06 - 2015-04-12,4,0,0.0,0.0,0,,0,51,0,0.0,0.31
clubedopimpolho,2015-01-19 - 2015-01-25,-,0,0.0,0.0,0,,0,-,0,0.0,0.0
clubedopimpolho,2015-01-26 - 2015-02-01,-,0,0.0,0.0,0,,0,-,0,0.0,0.0
clubedopimpolho,2015-02-02 - 2015-02-08,-,0,0.0,0.0,0,,0,-,0,0.0,0.0
clubedopimpolho,2015-02-09 - 2015-02-15,-,0,0.0,0.0,0,,0,-,0,0.0,0.0
clubedopimpolho,2015-02-16 - 2015-02-22,-,0,0.0,0.0,0,,0,-,0,0.0,0.0
clubedopimpolho,2015-02-23 - 2015-03-01,3,2,0.14285714285714285,0.16,0,,1,3,0,0.0,24.21
clubedopimpolho,2015-03-02 - 2015-03-08,3,0,0.0,0.0,0,,0,4,0,0.0,2.16
clubedopimpolho,2015-03-09 - 2015-03-15,3,0,0.0,0.0,0,,0,53,0,0.0,2.45
clubedopimpolho,2015-03-16 - 2015-03-22,3,1,0.42857142857142855,24.55,1,VIDEO: 1,0,55,0,0.0,0.34
clubedopimpolho,2015-03-23 - 2015-03-29,3,0,0.0,0.0,0,,0,55,0,0.0,0.0
clubedopimpolho,2015-03-30 - 2015-04-05,3,2,0.21428571428571427,131.7,3,"ARTICLE: 1, VIDEO: 2",2,56,0,0.0,37.7
clubedopimpolho,2015-04-06 - 2015-04-12,2,0,0.0,0.0,0,,0,56,0,0.0,2.9
adventus,2015-01-19 - 2015-01-25,-,0,0.0,0.0,0,,0,-,0,0.0,0.0
adventus,2015-01-26 - 2015-02-01,-,0,0.0,0.0,0,,0,-,0,0.0,0.0
adventus,2015-02-02 - 2015-02-08,-,0,0.0,0.0,0,,0,-,0,0.0,0.0
adventus,2015-02-09 - 2015-02-15,-,0,0.0,0.0,0,,0,-,0,0.0,0.0
adventus,2015-02-16 - 2015-02-22,-,0,0.0,0.0,0,,0,-,0,0.0,0.0
adventus,2015-02-23 - 2015-03-01,2,2,0.21428571428571427,1.54,0,,1,0,0,0.0,18.86
adventus,2015-03-02 - 2015-03-08,4,3,0.19047619047619047,0.07,1,VIDEO: 1,0,55,0,0.0,4.62
adventus,2015-03-09 - 2015-03-15,4,0,0.0,0.0,0,,0,59,0,0.0,0.32
adventus,2015-03-16 - 2015-03-22,4,1,0.14285714285714285,23.84,1,VIDEO: 1,1,59,0,0.0,16.98
adventus,2015-03-23 - 2015-03-29,4,1,0.2857142857142857,81.87,1,VIDEO: 1,0,59,0,0.0,0.0
adventus,2015-03-30 - 2015-04-05,4,0,0.0,0.0,0,,0,59,0,0.0,0.84
adventus,2015-04-06 - 2015-04-12,4,0,0.0,0.0,0,,0,59,0,0.0,2.12
tabernaculo,2015-01-19 - 2015-01-25,-,0,0.0,0.0,0,,0,-,0,0.0,0.0
tabernaculo,2015-01-26 - 2015-02-01,-,0,0.0,0.0,0,,0,-,0,0.0,0.0
tabernaculo,2015-02-02 - 2015-02-08,0,0,0.0,0.0,0,,0,2,0,0.0,0.0
tabernaculo,2015-02-09 - 2015-02-15,0,0,0.0,0.0,0,,0,2,0,0.0,0.0
tabernaculo,2015-02-16 - 2015-02-22,0,0,0.0,0.0,0,,0,2,0,0.0,0.0
tabernaculo,2015-02-23 - 2015-03-01,3,3,0.14285714285714285,0.1,0,,1,0,0,0.0,31.02
tabernaculo,2015-03-02 - 2015-03-08,3,0,0.0,0.0,0,,0,22,0,0.0,2.55
tabernaculo,2015-03-09 - 2015-03-15,3,0,0.0,0.0,0,,0,22,0,0.0,0.0
tabernaculo,2015-03-16 - 2015-03-22,3,0,0.0,0.0,8,"PRESENTATION: 1, VIDEO: 7",2,22,0,0.0,0.13
tabernaculo,2015-03-23 - 2015-03-29,3,1,0.14285714285714285,4.56,0,,0,22,0,0.0,0.0
tabernaculo,2015-03-30 - 2015-04-05,3,0,0.0,0.0,17,"VIDEO: 2, EXERCISE: 14, EXERCISELIST: 1",0,21,9,0.1904761904761905,5.28
tabernaculo,2015-04-06 - 2015-04-12,4,1,0.2857142857142857,5.77,11,"EXERCISELIST: 1, EXERCISE: 10",1,21,2,0.14285714285714285,42.18
projetovida,2015-01-19 - 2015-01-25,-,0,0.0,0.0,0,,0,-,0,0.0,0.0
projetovida,2015-01-26 - 2015-02-01,-,0,0.0,0.0,0,,0,-,0,0.0,0.0
projetovida,2015-02-02 - 2015-02-08,3,0,0.0,0.0,0,,0,1,0,0.0,0.0
projetovida,2015-02-09 - 2015-02-15,3,0,0.0,0.0,0,,0,1,0,0.0,0.0
projetovida,2015-02-16 - 2015-02-22,3,0,0.0,0.0,0,,0,1,0,0.0,0.0
projetovida,2015-02-23 - 2015-03-01,4,1,0.42857142857142855,67.57,3,"VIDEO: 1, EXERCISELIST: 1, EXERCISE: 1",1,1,0,0.0,1.84
projetovida,2015-03-02 - 2015-03-08,4,1,0.2857142857142857,2.97,0,,1,2,0,0.0,0.0
projetovida,2015-03-09 - 2015-03-15,4,1,0.14285714285714285,0.37,0,,0,2,0,0.0,0.0
projetovida,2015-03-16 - 2015-03-22,2,2,0.14285714285714285,5.72,0,,0,1,0,0.0,0.0
projetovida,2015-03-23 - 2015-03-29,2,2,0.2857142857142857,23.33,5,"ARTICLE: 3, PRESENTATION: 1, VIDEO: 1",3,1,0,0.0,0.0
projetovida,2015-03-30 - 2015-04-05,2,2,0.35714285714285715,221.1,64,"ARTICLE: 5, EXERCISE: 50, EXERCISELIST: 9",6,298,0,0.0,0.49
projetovida,2015-04-06 - 2015-04-12,2,2,0.21428571428571427,61.37,55,"ARTICLE: 4, EXERCISE: 43, EXERCISELIST: 8",0,298,0,0.0,1.11
boaviagem,2015-01-19 - 2015-01-25,-,0,0.0,0.0,0,,0,-,0,0.0,0.0
boaviagem,2015-01-26 - 2015-02-01,-,0,0.0,0.0,0,,0,-,0,0.0,0.0
boaviagem,2015-02-02 - 2015-02-08,-,0,0.0,0.0,0,,0,-,0,0.0,0.0
boaviagem,2015-02-09 - 2015-02-15,-,0,0.0,0.0,0,,0,-,0,0.0,0.0
boaviagem,2015-02-16 - 2015-02-22,-,0,0.0,0.0,0,,0,-,0,0.0,0.0
boaviagem,2015-02-23 - 2015-03-01,-,0,0.0,0.0,0,,0,-,0,0.0,0.0
boaviagem,2015-03-02 - 2015-03-08,-,0,0.0,0.0,0,,0,-,0,0.0,0.0
boaviagem,2015-03-09 - 2015-03-15,11,11,0.15584415584415584,0.42,0,,0,338,0,0.0,0.42
boaviagem,2015-03-16 - 2015-03-22,11,4,0.14285714285714285,3.56,2,VIDEO: 2,0,442,3,0.14285714285714285,0.66
boaviagem,2015-03-23 - 2015-03-29,11,8,0.14285714285714285,37.62,2,VIDEO: 2,5,443,1,0.14285714285714285,0.53
boaviagem,2015-03-30 - 2015-04-05,11,0,0.0,0.0,0,,0,443,1,0.14285714285714285,0.07
boaviagem,2015-04-06 - 2015-04-12,11,0,0.0,0.04,0,,0,443,0,0.0,2.45
egocg,2015-01-19 - 2015-01-25,-,0,0.0,0.0,0,,0,-,0,0.0,0.0
egocg,2015-01-26 - 2015-02-01,-,0,0.0,0.0,0,,0,-,0,0.0,0.0
egocg,2015-02-02 - 2015-02-08,-,0,0.0,0.0,0,,0,-,0,0.0,0.0
egocg,2015-02-09 - 2015-02-15,-,0,0.0,0.0,0,,0,-,0,0.0,0.0
egocg,2015-02-16 - 2015-02-22,-,0,0.0,0.0,0,,0,-,0,0.0,0.0
egocg,2015-02-23 - 2015-03-01,5,0,0.0,0.0,0,,1,158,0,0.0,33.82
egocg,2015-03-02 - 2015-03-08,5,1,0.14285714285714285,4.12,0,,0,158,0,0.0,0.0
egocg,2015-03-09 - 2015-03-15,5,1,0.42857142857142855,17.16,0,,0,158,0,0.0,0.78
egocg,2015-03-16 - 2015-03-22,5,0,0.0,0.0,0,,0,158,0,0.0,0.24
egocg,2015-03-23 - 2015-03-29,5,0,0.0,0.0,0,,0,158,0,0.0,0.0
egocg,2015-03-30 - 2015-04-05,5,0,0.0,0.0,0,,0,158,0,0.0,0.0
egocg,2015-04-06 - 2015-04-12,3,1,0.14285714285714285,0.12,5,EXERCISE: 5,0,158,3,0.14285714285714285,2.91
santaamalia,2015-01-19 - 2015-01-25,-,0,0.0,0.0,0,,0,-,0,0.0,0.0
santaamalia,2015-01-26 - 2015-02-01,-,0,0.0,0.0,0,,0,-,0,0.0,0.0
santaamalia,2015-02-02 - 2015-02-08,-,0,0.0,0.0,0,,0,-,0,0.0,0.0
santaamalia,2015-02-09 - 2015-02-15,-,0,0.0,0.0,0,,0,-,0,0.0,0.0
santaamalia,2015-02-16 - 2015-02-22,-,0,0.0,0.0,8,"VIDEO: 3, EXERCISELIST: 1, ARTICLE: 2, PRESENTATION: 1, EXERCISE: 1",0,-,0,0.0,0.0
santaamalia,2015-02-23 - 2015-03-01,4,0,0.0,0.0,0,,0,342,0,0.0,0.04
santaamalia,2015-03-02 - 2015-03-08,4,1,0.14285714285714285,3.01,0,,1,343,0,0.0,0.0
santaamalia,2015-03-09 - 2015-03-15,4,2,0.21428571428571427,45.32,13,"EXERCISELIST: 1, EXERCISE: 12",0,343,0,0.0,0.0
santaamalia,2015-03-16 - 2015-03-22,4,0,0.0,0.0,0,,0,343,0,0.0,4.52
santaamalia,2015-03-23 - 2015-03-29,4,0,0.0,0.0,0,,0,343,0,0.0,0.0
santaamalia,2015-03-30 - 2015-04-05,4,0,0.0,0.0,0,,0,343,0,0.0,0.0
santaamalia,2015-04-06 - 2015-04-12,4,0,0.0,0.0,5,"ARTICLE: 4, PRESENTATION: 1",2,343,86,0.15116279069767444,2.03
escolasoito,2015-01-19 - 2015-01-25,-,0,0.0,0.0,0,,0,-,0,0.0,0.0
escolasoito,2015-01-26 - 2015-02-01,-,0,0.0,0.0,0,,0,-,0,0.0,0.0
escolasoito,2015-02-02 - 2015-02-08,-,0,0.0,0.0,0,,0,-,0,0.0,0.0
escolasoito,2015-02-09 - 2015-02-15,-,0,0.0,0.0,0,,0,-,0,0.0,0.0
escolasoito,2015-02-16 - 2015-02-22,-,0,0.0,0.0,0,,0,-,0,0.0,0.0
escolasoito,2015-02-23 - 2015-03-01,-,0,0.0,0.0,0,,0,-,0,0.0,0.0
escolasoito,2015-03-02 - 2015-03-08,-,0,0.0,0.0,0,,0,-,0,0.0,0.0
escolasoito,2015-03-09 - 2015-03-15,0,0,0.0,0.0,0,,0,0,0,0.0,0.0
escolasoito,2015-03-16 - 2015-03-22,1,0,0.0,0.0,0,,0,1,0,0.0,0.0
escolasoito,2015-03-23 - 2015-03-29,3,3,0.19047619047619047,4.31,11,"EXERCISELIST: 1, EXERCISE: 10",1,87,1,0.14285714285714285,7.22
escolasoito,2015-03-30 - 2015-04-05,4,2,0.21428571428571427,15.98,0,,0,87,13,0.14285714285714285,2.27
escolasoito,2015-04-06 - 2015-04-12,4,0,0.0,0.0,8,"VIDEO: 1, EXERCISELIST: 1, EXERCISE: 6",2,87,32,0.14285714285714285,5.29
ensinoteclondrina,2015-01-19 - 2015-01-25,-,0,0.0,0.0,0,,0,-,0,0.0,0.0
ensinoteclondrina,2015-01-26 - 2015-02-01,-,0,0.0,0.0,0,,0,-,0,0.0,0.0
ensinoteclondrina,2015-02-02 - 2015-02-08,-,0,0.0,0.0,0,,0,-,0,0.0,0.0
ensinoteclondrina,2015-02-09 - 2015-02-15,-,0,0.0,0.0,0,,0,-,0,0.0,0.0
ensinoteclondrina,2015-02-16 - 2015-02-22,-,0,0.0,0.0,0,,0,-,0,0.0,0.0
ensinoteclondrina,2015-02-23 - 2015-03-01,3,3,0.23809523809523808,5.39,0,,2,1,0,0.0,55.22
ensinoteclondrina,2015-03-02 - 2015-03-08,3,2,0.21428571428571427,3.43,0,,0,32,0,0.0,9.75
ensinoteclondrina,2015-03-09 - 2015-03-15,3,0,0.0,0.0,0,,0,32,0,0.0,4.09
ensinoteclondrina,2015-03-16 - 2015-03-22,3,0,0.0,0.0,0,,0,33,0,0.0,1.87
ensinoteclondrina,2015-03-23 - 2015-03-29,3,1,0.14285714285714285,17.45,35,"ARTICLE: 1, PRESENTATION: 1, EXERCISELIST: 5, EXERCISE: 28",0,33,8,0.14285714285714285,8.9
ensinoteclondrina,2015-03-30 - 2015-04-05,3,0,0.0,0.0,0,,0,33,0,0.0,0.0
ensinoteclondrina,2015-04-06 - 2015-04-12,3,0,0.0,0.0,0,,0,33,0,0.0,1.91
certus,2015-01-19 - 2015-01-25,-,0,0.0,0.0,0,,0,-,0,0.0,0.0
certus,2015-01-26 - 2015-02-01,-,0,0.0,0.0,0,,0,-,0,0.0,0.0
certus,2015-02-02 - 2015-02-08,-,0,0.0,0.0,0,,0,-,0,0.0,0.0
certus,2015-02-09 - 2015-02-15,-,0,0.0,0.0,0,,0,-,0,0.0,0.0
certus,2015-02-16 - 2015-02-22,-,0,0.0,0.0,0,,0,-,0,0.0,0.0
certus,2015-02-23 - 2015-03-01,-,0,0.0,0.0,0,,0,-,0,0.0,0.0
certus,2015-03-02 - 2015-03-08,-,0,0.0,0.0,0,,0,-,0,0.0,0.0
certus,2015-03-09 - 2015-03-15,-,0,0.0,0.0,0,,0,-,0,0.0,0.0
certus,2015-03-16 - 2015-03-22,-,0,0.0,0.0,0,,0,-,0,0.0,0.0
certus,2015-03-23 - 2015-03-29,-,0,0.0,0.0,0,,0,-,0,0.0,0.0
certus,2015-03-30 - 2015-04-05,-,0,0.0,0.0,0,,0,-,0,0.0,0.0
certus,2015-04-06 - 2015-04-12,0,0,0.0,0.0,0,,0,1,1,0.14285714285714285,0.1
evolucao,2015-01-19 - 2015-01-25,-,0,0.0,0.0,0,,0,-,0,0.0,0.0
evolucao,2015-01-26 - 2015-02-01,-,0,0.0,0.0,0,,0,-,0,0.0,0.0
evolucao,2015-02-02 - 2015-02-08,-,0,0.0,0.0,0,,0,-,0,0.0,0.0
evolucao,2015-02-09 - 2015-02-15,-,0,0.0,0.0,0,,0,-,0,0.0,0.0
evolucao,2015-02-16 - 2015-02-22,-,0,0.0,0.0,0,,0,-,0,0.0,0.0
evolucao,2015-02-23 - 2015-03-01,5,2,0.14285714285714285,23.46,8,"EXERCISELIST: 1, EXERCISE: 7",0,3,0,0.0,0.99
evolucao,2015-03-02 - 2015-03-08,5,2,0.21428571428571427,14.28,8,"VIDEO: 2, EXERCISELIST: 2, EXERCISE: 4",2,71,2,0.14285714285714285,4.6
evolucao,2015-03-09 - 2015-03-15,4,5,0.2571428571428571,65.49,15,"VIDEO: 1, EXERCISELIST: 1, ARTICLE: 3, PRESENTATION: 1, EXERCISE: 9",8,77,5,0.17142857142857146,12.19
evolucao,2015-03-16 - 2015-03-22,4,0,0.0,0.0,7,"VIDEO: 3, EXERCISE: 2, EXERCISELIST: 2",0,78,3,0.19047619047619047,0.86
evolucao,2015-03-23 - 2015-03-29,4,3,0.14285714285714285,2.73,3,VIDEO: 3,0,78,3,0.14285714285714285,2.73
evolucao,2015-03-30 - 2015-04-05,4,3,0.14285714285714285,9.66,0,,2,84,55,0.16623376623376623,28.98
evolucao,2015-04-06 - 2015-04-12,4,0,0.0,0.0,1,VIDEO: 1,1,84,24,0.14285714285714285,12.56
dorothea,2015-01-19 - 2015-01-25,-,0,0.0,0.0,0,,0,-,0,0.0,0.0
dorothea,2015-01-26 - 2015-02-01,-,0,0.0,0.0,0,,0,-,0,0.0,0.0
dorothea,2015-02-02 - 2015-02-08,-,0,0.0,0.0,0,,0,-,0,0.0,0.0
dorothea,2015-02-09 - 2015-02-15,-,0,0.0,0.0,0,,0,-,0,0.0,0.0
dorothea,2015-02-16 - 2015-02-22,-,0,0.0,0.0,0,,0,-,0,0.0,0.0
dorothea,2015-02-23 - 2015-03-01,6,1,0.2857142857142857,4.61,0,,1,183,0,0.0,30.6
dorothea,2015-03-02 - 2015-03-08,6,1,0.14285714285714285,12.4,0,,0,168,0,0.0,97.7
dorothea,2015-03-09 - 2015-03-15,6,2,0.21428571428571427,9.68,1,VIDEO: 1,0,168,0,0.0,0.0
dorothea,2015-03-16 - 2015-03-22,6,2,0.21428571428571427,13.47,6,"VIDEO: 1, EXERCISELIST: 1, EXERCISE: 4",0,168,6,0.14285714285714285,2.77
dorothea,2015-03-23 - 2015-03-29,6,2,0.14285714285714285,5.9,0,,0,168,4,0.14285714285714285,9.1
dorothea,2015-03-30 - 2015-04-05,6,2,0.14285714285714285,2.08,0,,0,168,2,0.14285714285714285,1.09
dorothea,2015-04-06 - 2015-04-12,6,0,0.0,0.0,10,EXERCISE: 10,0,168,2,0.2857142857142857,0.28
puccampinas,2015-01-19 - 2015-01-25,-,0,0.0,0.0,0,,0,-,0,0.0,0.0
puccampinas,2015-01-26 - 2015-02-01,-,0,0.0,0.0,0,,0,-,0,0.0,0.0
puccampinas,2015-02-02 - 2015-02-08,-,0,0.0,0.0,0,,0,-,0,0.0,0.0
puccampinas,2015-02-09 - 2015-02-15,-,0,0.0,0.0,0,,0,-,0,0.0,0.0
puccampinas,2015-02-16 - 2015-02-22,-,0,0.0,0.0,0,,0,-,0,0.0,0.0
puccampinas,2015-02-23 - 2015-03-01,3,0,0.0,0.0,4,"ARTICLE: 1, VIDEO: 1, EXERCISELIST: 1, EXERCISE: 1",0,2,0,0.0,0.0
puccampinas,2015-03-02 - 2015-03-08,3,0,0.0,0.0,0,,1,3,0,0.0,0.0
puccampinas,2015-03-09 - 2015-03-15,3,0,0.0,0.0,0,,0,3,0,0.0,0.0
puccampinas,2015-03-16 - 2015-03-22,3,0,0.0,0.0,1,VIDEO: 1,0,4,1,0.14285714285714285,1.45
puccampinas,2015-03-23 - 2015-03-29,3,0,0.0,0.0,0,,0,4,0,0.0,0.0
puccampinas,2015-03-30 - 2015-04-05,3,0,0.0,0.0,0,,0,4,0,0.0,0.0
puccampinas,2015-04-06 - 2015-04-12,3,0,0.0,1.57,0,,0,116,0,0.0,0.53
apotec,2015-01-19 - 2015-01-25,-,0,0.0,0.0,0,,0,-,0,0.0,0.0
apotec,2015-01-26 - 2015-02-01,-,0,0.0,0.0,0,,0,-,0,0.0,0.0
apotec,2015-02-02 - 2015-02-08,16,2,0.14285714285714285,51.66,20,"VIDEO: 1, PRESENTATION: 2, EXERCISELIST: 1, EXERCISE: 16",0,264,65,0.14285714285714285,22.86
apotec,2015-02-09 - 2015-02-15,16,14,0.47959183673469397,37.58,218,"VIDEO: 5, EXERCISELIST: 15, ARTICLE: 8, PRESENTATION: 9, EXERCISE: 181",0,314,248,0.3490783410138249,63.62
apotec,2015-02-16 - 2015-02-22,16,14,0.35714285714285715,24.42,266,"VIDEO: 2, EXERCISELIST: 27, ARTICLE: 2, PRESENTATION: 14, EXERCISE: 221",0,319,289,0.3924864063272368,176.71
apotec,2015-02-23 - 2015-03-01,16,15,0.4857142857142857,102.95,230,"VIDEO: 6, EXERCISELIST: 22, ARTICLE: 2, PRESENTATION: 24, EXERCISE: 176",0,371,276,0.35351966873706003,95.9
apotec,2015-03-02 - 2015-03-08,16,13,0.4285714285714285,75.52,179,"ARTICLE: 5, PRESENTATION: 13, EXERCISELIST: 14, EXERCISE: 147",1,377,292,0.42025440313111545,119.02
apotec,2015-03-09 - 2015-03-15,16,16,0.4017857142857143,46.97,133,"VIDEO: 2, EXERCISELIST: 12, ARTICLE: 1, PRESENTATION: 6, EXERCISE: 112",0,381,239,0.3227734608487746,47.68
apotec,2015-03-16 - 2015-03-22,16,15,0.37142857142857144,34.15,105,"PRESENTATION: 9, EXERCISELIST: 9, EXERCISE: 87",0,383,256,0.34765625,68.84
apotec,2015-03-23 - 2015-03-29,16,13,0.4065934065934066,34.4,234,"VIDEO: 1, PRESENTATION: 5, EXERCISELIST: 21, EXERCISE: 207",0,390,246,0.3466898954703833,71.21
apotec,2015-03-30 - 2015-04-05,15,13,0.2857142857142857,19.98,98,"VIDEO: 10, EXERCISELIST: 8, ARTICLE: 3, PRESENTATION: 2, EXERCISE: 75",0,391,270,0.3984126984126984,125.66
apotec,2015-04-06 - 2015-04-12,15,12,0.4404761904761904,52.69,202,"VIDEO: 8, EXERCISELIST: 10, ARTICLE: 2, PRESENTATION: 19, EXERCISE: 163",0,335,247,0.3516483516483517,74.4
lumen,2015-01-19 - 2015-01-25,-,0,0.0,0.0,0,,0,-,0,0.0,0.0
lumen,2015-01-26 - 2015-02-01,-,0,0.0,0.0,0,,0,-,0,0.0,0.0
lumen,2015-02-02 - 2015-02-08,-,0,0.0,0.0,0,,0,-,0,0.0,0.0
lumen,2015-02-09 - 2015-02-15,-,0,0.0,0.0,0,,0,-,0,0.0,0.0
lumen,2015-02-16 - 2015-02-22,-,0,0.0,0.0,0,,0,-,0,0.0,0.0
lumen,2015-02-23 - 2015-03-01,-,0,0.0,0.0,0,,0,-,0,0.0,0.0
lumen,2015-03-02 - 2015-03-08,-,0,0.0,0.0,1,PRESENTATION: 1,0,-,0,0.0,0.0
lumen,2015-03-09 - 2015-03-15,5,3,0.19047619047619047,3.38,0,,0,4,0,0.0,0.0
lumen,2015-03-16 - 2015-03-22,5,2,0.14285714285714285,5.69,1,VIDEO: 1,1,309,0,0.0,0.0
lumen,2015-03-23 - 2015-03-29,5,0,0.0,0.0,0,,0,310,20,0.17857142857142858,3.41
lumen,2015-03-30 - 2015-04-05,5,0,0.0,0.0,0,,0,310,3,0.14285714285714285,1.64
lumen,2015-04-06 - 2015-04-12,5,0,0.0,0.0,0,,0,310,71,0.17505030181086517,4.32
colegiodasamericas,2015-01-19 - 2015-01-25,-,0,0.0,0.0,0,,0,-,0,0.0,0.0
colegiodasamericas,2015-01-26 - 2015-02-01,-,0,0.0,0.0,0,,0,-,0,0.0,0.0
colegiodasamericas,2015-02-02 - 2015-02-08,-,0,0.0,0.0,0,,0,-,0,0.0,0.0
colegiodasamericas,2015-02-09 - 2015-02-15,-,0,0.0,0.0,0,,0,-,0,0.0,0.0
colegiodasamericas,2015-02-16 - 2015-02-22,-,0,0.0,0.0,0,,0,-,0,0.0,0.0
colegiodasamericas,2015-02-23 - 2015-03-01,5,5,0.17142857142857143,2.95,0,,2,93,0,0.0,29.27
colegiodasamericas,2015-03-02 - 2015-03-08,6,4,0.17857142857142858,29.66,3,PRESENTATION: 3,4,93,0,0.0,17.36
colegiodasamericas,2015-03-09 - 2015-03-15,6,4,0.42857142857142855,56.12,52,"VIDEO: 5, EXERCISELIST: 12, ARTICLE: 1, PRESENTATION: 1, EXERCISE: 33",1,94,0,0.0,1.05
colegiodasamericas,2015-03-16 - 2015-03-22,5,3,0.14285714285714285,8.61,5,"VIDEO: 3, EXERCISE: 1, EXERCISELIST: 1",0,95,0,0.0,4.13
colegiodasamericas,2015-03-23 - 2015-03-29,5,4,0.39285714285714285,42.58,10,"VIDEO: 1, EXERCISELIST: 1, EXERCISE: 8",0,95,83,0.2633390705679862,28.93
colegiodasamericas,2015-03-30 - 2015-04-05,5,2,0.35714285714285715,39.32,12,"ARTICLE: 4, PRESENTATION: 6, VIDEO: 2",0,95,62,0.21889400921658986,8.89
colegiodasamericas,2015-04-06 - 2015-04-12,5,0,0.0,0.0,0,,0,95,35,0.29387755102040813,15.12
colegioideal,2015-01-19 - 2015-01-25,-,0,0.0,0.0,0,,0,-,0,0.0,0.0
colegioideal,2015-01-26 - 2015-02-01,-,0,0.0,0.0,0,,0,-,0,0.0,0.0
colegioideal,2015-02-02 - 2015-02-08,-,0,0.0,0.0,0,,0,-,0,0.0,0.0
colegioideal,2015-02-09 - 2015-02-15,-,0,0.0,0.0,0,,0,-,0,0.0,0.0
colegioideal,2015-02-16 - 2015-02-22,-,0,0.0,0.0,0,,0,-,0,0.0,0.0
colegioideal,2015-02-23 - 2015-03-01,2,0,0.0,0.0,0,,0,99,0,0.0,0.0
colegioideal,2015-03-02 - 2015-03-08,2,0,0.0,0.0,0,,1,116,0,0.0,3.67
colegioideal,2015-03-09 - 2015-03-15,2,0,0.0,0.0,0,,0,116,0,0.0,0.0
colegioideal,2015-03-16 - 2015-03-22,2,0,0.0,0.0,0,,0,116,0,0.0,6.15
colegioideal,2015-03-23 - 2015-03-29,2,0,0.0,0.0,0,,0,116,0,0.0,0.0
colegioideal,2015-03-30 - 2015-04-05,2,0,0.0,0.0,0,,0,116,0,0.0,0.0
colegioideal,2015-04-06 - 2015-04-12,1,0,0.0,0.0,0,,0,117,0,0.0,0.16
vilagelin,2015-01-19 - 2015-01-25,-,0,0.0,0.0,0,,0,-,0,0.0,0.0
vilagelin,2015-01-26 - 2015-02-01,-,0,0.0,0.0,0,,0,-,0,0.0,0.0
vilagelin,2015-02-02 - 2015-02-08,-,0,0.0,0.0,0,,0,-,0,0.0,0.0
vilagelin,2015-02-09 - 2015-02-15,-,0,0.0,0.0,0,,0,-,0,0.0,0.0
vilagelin,2015-02-16 - 2015-02-22,-,0,0.0,0.0,0,,0,-,0,0.0,0.0
vilagelin,2015-02-23 - 2015-03-01,-,0,0.0,0.0,0,,0,-,0,0.0,0.0
vilagelin,2015-03-02 - 2015-03-08,-,0,0.0,0.0,0,,0,-,0,0.0,0.0
vilagelin,2015-03-09 - 2015-03-15,-,0,0.0,0.0,0,,0,-,0,0.0,0.0
vilagelin,2015-03-16 - 2015-03-22,3,1,0.14285714285714285,4.6,0,,0,520,0,0.0,0.0
vilagelin,2015-03-23 - 2015-03-29,3,0,0.0,0.0,11,"VIDEO: 1, EXERCISELIST: 2, EXERCISE: 8",1,522,0,0.0,0.0
vilagelin,2015-03-30 - 2015-04-05,3,1,0.14285714285714285,1.17,54,"EXERCISELIST: 5, EXERCISE: 49",1,522,22,0.14935064935064934,24.49
vilagelin,2015-04-06 - 2015-04-12,3,1,0.2857142857142857,58.99,140,"EXERCISELIST: 9, EXERCISE: 131",3,525,123,0.15331010452961671,14.6
purissimo,2015-01-19 - 2015-01-25,-,0,0.0,0.0,0,,0,-,0,0.0,0.0
purissimo,2015-01-26 - 2015-02-01,-,0,0.0,0.0,0,,0,-,0,0.0,0.0
purissimo,2015-02-02 - 2015-02-08,-,0,0.0,0.0,0,,0,-,0,0.0,0.0
purissimo,2015-02-09 - 2015-02-15,-,0,0.0,0.0,0,,0,-,0,0.0,0.0
purissimo,2015-02-16 - 2015-02-22,-,0,0.0,0.0,0,,0,-,0,0.0,0.0
purissimo,2015-02-23 - 2015-03-01,-,0,0.0,0.0,0,,0,-,0,0.0,0.0
purissimo,2015-03-02 - 2015-03-08,-,0,0.0,0.0,0,,0,-,0,0.0,0.0
purissimo,2015-03-09 - 2015-03-15,3,0,0.0,0.0,0,,0,2,0,0.0,0.0
purissimo,2015-03-16 - 2015-03-22,3,0,0.0,0.0,0,,0,2,0,0.0,0.0
purissimo,2015-03-23 - 2015-03-29,3,0,0.0,0.0,0,,0,0,0,0.0,0.0
purissimo,2015-03-30 - 2015-04-05,5,4,0.2857142857142857,12.3,0,,1,437,2,0.14285714285714285,6.61
purissimo,2015-04-06 - 2015-04-12,5,3,0.4285714285714285,148.14,17,"VIDEO: 4, EXERCISELIST: 1, ARTICLE: 3, PRESENTATION: 3, EXERCISE: 6",17,439,21,0.14285714285714285,6.93
colprogressao,2015-01-19 - 2015-01-25,-,0,0.0,0.0,0,,0,-,0,0.0,0.0
colprogressao,2015-01-26 - 2015-02-01,-,0,0.0,0.0,0,,0,-,0,0.0,0.0
colprogressao,2015-02-02 - 2015-02-08,32,0,0.0,0.0,0,,0,82,0,0.0,0.0
colprogressao,2015-02-09 - 2015-02-15,32,3,0.14285714285714285,3.32,6,"ARTICLE: 2, VIDEO: 4",0,82,0,0.0,0.28
colprogressao,2015-02-16 - 2015-02-22,32,0,0.0,0.0,0,,0,106,0,0.0,1.47
colprogressao,2015-02-23 - 2015-03-01,32,2,0.21428571428571427,1.18,3,"ARTICLE: 1, EXERCISELIST: 1, EXERCISE: 1",0,286,52,0.19505494505494503,7.51
colprogressao,2015-03-02 - 2015-03-08,34,13,0.26373626373626374,51.93,81,"VIDEO: 28, EXERCISELIST: 9, ARTICLE: 15, PRESENTATION: 2, EXERCISE: 27",8,286,144,0.26686507936507936,15.67
colprogressao,2015-03-09 - 2015-03-15,35,11,0.2987012987012987,22.84,38,"VIDEO: 8, EXERCISELIST: 3, ARTICLE: 3, PRESENTATION: 1, EXERCISE: 23",4,286,198,0.2756132756132756,16.25
colprogressao,2015-03-16 - 2015-03-22,36,15,0.19999999999999998,10.62,35,"ARTICLE: 9, PRESENTATION: 3, VIDEO: 3, EXERCISE: 20",5,289,148,0.2335907335907336,7.43
colprogressao,2015-03-23 - 2015-03-29,36,9,0.1904761904761905,7.57,36,"VIDEO: 9, EXERCISELIST: 2, ARTICLE: 6, PRESENTATION: 1, EXERCISE: 18",1,289,158,0.2820976491862568,14.37
colprogressao,2015-03-30 - 2015-04-05,36,9,0.15873015873015875,3.77,5,"ARTICLE: 1, VIDEO: 4",0,291,70,0.19387755102040813,3.79
colprogressao,2015-04-06 - 2015-04-12,36,9,0.14285714285714285,8.19,6,"VIDEO: 3, EXERCISELIST: 1, EXERCISE: 2",1,291,100,0.21571428571428575,8.66
crb,2015-01-19 - 2015-01-25,-,0,0.0,0.0,0,,0,-,0,0.0,0.0
crb,2015-01-26 - 2015-02-01,-,0,0.0,0.0,0,,0,-,0,0.0,0.0
crb,2015-02-02 - 2015-02-08,89,0,0.0,0.0,0,,0,2108,5,0.14285714285714285,1.83
crb,2015-02-09 - 2015-02-15,77,14,0.2857142857142857,34.37,56,"VIDEO: 11, EXERCISELIST: 8, ARTICLE: 2, PRESENTATION: 3, EXERCISE: 32",12,1402,48,0.1636904761904762,1.36
crb,2015-02-16 - 2015-02-22,79,12,0.19047619047619047,8.75,45,"VIDEO: 9, EXERCISELIST: 6, ARTICLE: 2, PRESENTATION: 1, EXERCISE: 27",2,1403,8,0.17857142857142858,1.51
crb,2015-02-23 - 2015-03-01,82,21,0.2925170068027211,69.08,269,"VIDEO: 28, EXERCISELIST: 39, ARTICLE: 6, PRESENTATION: 2, EXERCISE: 194",13,1405,10,0.15714285714285717,2.91
crb,2015-03-02 - 2015-03-08,83,22,0.37012987012987014,43.88,449,"VIDEO: 18, EXERCISELIST: 66, ARTICLE: 3, PRESENTATION: 6, EXERCISE: 356",12,1407,10,0.15714285714285717,2.77
crb,2015-03-09 - 2015-03-15,84,23,0.39751552795031053,52.05,347,"VIDEO: 23, EXERCISELIST: 60, ARTICLE: 7, PRESENTATION: 3, EXERCISE: 254",0,1409,507,0.2938856015779093,42.04
crb,2015-03-16 - 2015-03-22,87,23,0.44099378881987583,63.3,321,"ARTICLE: 2, VIDEO: 6, EXERCISE: 241, EXERCISELIST: 72",0,1410,533,0.2948271240954168,34.0
crb,2015-03-23 - 2015-03-29,86,22,0.47402597402597396,72.75,494,"ARTICLE: 4, VIDEO: 20, EXERCISE: 387, EXERCISELIST: 83",0,1411,786,0.31697564521992,33.46
crb,2015-03-30 - 2015-04-05,85,23,0.2981366459627329,32.81,298,"VIDEO: 3, EXERCISELIST: 57, ARTICLE: 1, PRESENTATION: 2, EXERCISE: 235",0,1412,761,0.3031725173643702,39.77
crb,2015-04-06 - 2015-04-12,88,23,0.3540372670807454,50.31,1572,"VIDEO: 3, EXERCISELIST: 54, ARTICLE: 8, PRESENTATION: 3, EXERCISE: 1504",1,1412,785,0.2798908098271155,33.6
escolaimpacto,2015-01-19 - 2015-01-25,-,0,0.0,0.0,0,,0,-,0,0.0,0.0
escolaimpacto,2015-01-26 - 2015-02-01,-,0,0.0,0.0,0,,0,-,0,0.0,0.0
escolaimpacto,2015-02-02 - 2015-02-08,13,0,0.0,0.0,0,,0,121,0,0.0,0.0
escolaimpacto,2015-02-09 - 2015-02-15,13,0,0.0,0.0,0,,0,155,14,0.16326530612244897,2.11
escolaimpacto,2015-02-16 - 2015-02-22,13,2,0.2857142857142857,60.28,5,ARTICLE: 5,4,155,10,0.17142857142857143,4.3
escolaimpacto,2015-02-23 - 2015-03-01,13,6,0.33333333333333337,75.94,71,"ARTICLE: 13, VIDEO: 23, EXERCISELIST: 10, EXERCISE: 25",17,155,48,0.1994047619047619,7.38
escolaimpacto,2015-03-02 - 2015-03-08,14,7,0.42857142857142844,29.19,21,"VIDEO: 6, EXERCISELIST: 5, ARTICLE: 4, PRESENTATION: 1, EXERCISE: 5",7,149,91,0.2558869701726844,9.8
escolaimpacto,2015-03-09 - 2015-03-15,14,7,0.48979591836734687,71.18,81,"VIDEO: 19, EXERCISELIST: 18, ARTICLE: 5, PRESENTATION: 5, EXERCISE: 34",10,151,115,0.324223602484472,12.41
escolaimpacto,2015-03-16 - 2015-03-22,14,8,0.2857142857142857,23.39,76,"ARTICLE: 15, VIDEO: 26, EXERCISELIST: 7, EXERCISE: 28",4,152,102,0.24089635854341734,8.01
escolaimpacto,2015-03-23 - 2015-03-29,16,11,0.22077922077922077,18.83,75,"VIDEO: 12, EXERCISELIST: 12, ARTICLE: 4, PRESENTATION: 6, EXERCISE: 41",7,153,78,0.2802197802197802,17.58
escolaimpacto,2015-03-30 - 2015-04-05,16,7,0.2857142857142857,25.52,30,"ARTICLE: 1, VIDEO: 8, EXERCISELIST: 6, EXERCISE: 15",1,153,84,0.22959183673469383,10.21
escolaimpacto,2015-04-06 - 2015-04-12,18,12,0.25,19.5,117,"ARTICLE: 6, VIDEO: 38, EXERCISELIST: 12, EXERCISE: 61",13,153,111,0.27541827541827546,24.67
colegiouniversitario,2015-01-19 - 2015-01-25,-,0,0.0,0.0,0,,0,-,0,0.0,0.0
colegiouniversitario,2015-01-26 - 2015-02-01,-,0,0.0,0.0,0,,0,-,0,0.0,0.0
colegiouniversitario,2015-02-02 - 2015-02-08,17,2,0.14285714285714285,18.41,29,"VIDEO: 1, EXERCISE: 22, EXERCISELIST: 6",2,168,2,0.14285714285714285,3.86
colegiouniversitario,2015-02-09 - 2015-02-15,17,7,0.26530612244897955,23.7,109,"VIDEO: 4, EXERCISELIST: 16, ARTICLE: 3, PRESENTATION: 19, EXERCISE: 67",8,170,143,0.33966033966033965,29.6
colegiouniversitario,2015-02-16 - 2015-02-22,17,6,0.2857142857142857,12.43,84,"EXERCISELIST: 17, EXERCISE: 67",1,170,133,0.276047261009667,32.87
colegiouniversitario,2015-02-23 - 2015-03-01,18,10,0.24285714285714288,14.23,112,"VIDEO: 2, PRESENTATION: 7, EXERCISELIST: 22, EXERCISE: 81",0,171,141,0.31813576494427565,29.33
colegiouniversitario,2015-03-02 - 2015-03-08,18,9,0.20634920634920634,13.2,49,"VIDEO: 2, EXERCISELIST: 8, ARTICLE: 1, PRESENTATION: 4, EXERCISE: 34",4,171,127,0.26321709786276715,24.9
colegiouniversitario,2015-03-09 - 2015-03-15,18,5,0.2571428571428572,9.14,88,"PRESENTATION: 2, EXERCISELIST: 17, EXERCISE: 69",0,172,128,0.2578125,27.78
colegiouniversitario,2015-03-16 - 2015-03-22,18,10,0.2285714285714286,5.11,123,"ARTICLE: 1, PRESENTATION: 7, EXERCISELIST: 23, EXERCISE: 92",1,172,114,0.23433583959899748,24.36
colegiouniversitario,2015-03-23 - 2015-03-29,18,6,0.2619047619047619,15.99,30,"PRESENTATION: 1, EXERCISELIST: 7, EXERCISE: 22",0,173,116,0.2463054187192118,25.34
colegiouniversitario,2015-03-30 - 2015-04-05,18,4,0.17857142857142858,11.51,45,"ARTICLE: 1, VIDEO: 3, EXERCISELIST: 8, EXERCISE: 33",0,173,102,0.24089635854341737,16.54
colegiouniversitario,2015-04-06 - 2015-04-12,18,6,0.2619047619047619,7.75,194,"PRESENTATION: 1, EXERCISELIST: 12, EXERCISE: 181",0,173,94,0.22796352583586627,19.48
spdacruz,2015-01-19 - 2015-01-25,-,0,0.0,0.0,0,,0,-,0,0.0,0.0
spdacruz,2015-01-26 - 2015-02-01,-,0,0.0,0.0,0,,0,-,0,0.0,0.0
spdacruz,2015-02-02 - 2015-02-08,3,0,0.0,0.0,0,,0,117,0,0.0,0.0
spdacruz,2015-02-09 - 2015-02-15,3,1,0.14285714285714285,15.6,0,,0,117,0,0.0,0.0
spdacruz,2015-02-16 - 2015-02-22,3,0,0.0,0.0,0,,0,117,0,0.0,0.0
spdacruz,2015-02-23 - 2015-03-01,4,3,0.14285714285714285,18.43,30,"EXERCISELIST: 2, EXERCISE: 28",2,118,2,0.21428571428571427,1.01
spdacruz,2015-03-02 - 2015-03-08,4,2,0.21428571428571427,16.84,0,,1,118,21,0.17006802721088435,21.21
spdacruz,2015-03-09 - 2015-03-15,4,3,0.2857142857142857,46.82,4,"EXERCISE: 2, EXERCISELIST: 2",0,118,93,0.16743471582181257,16.19
spdacruz,2015-03-16 - 2015-03-22,4,1,0.14285714285714285,0.51,6,EXERCISE: 6,0,118,1,0.14285714285714285,0.27
spdacruz,2015-03-23 - 2015-03-29,4,1,0.14285714285714285,1.31,0,,0,118,16,0.16964285714285715,3.1
spdacruz,2015-03-30 - 2015-04-05,4,1,0.14285714285714285,0.69,0,,0,118,5,0.17142857142857143,4.79
spdacruz,2015-04-06 - 2015-04-12,3,3,0.19047619047619047,27.54,46,"PRESENTATION: 7, EXERCISELIST: 1, EXERCISE: 38",1,118,35,0.19591836734693877,9.08
cermac,2015-01-19 - 2015-01-25,-,0,0.0,0.0,0,,0,-,0,0.0,0.0
cermac,2015-01-26 - 2015-02-01,-,0,0.0,0.0,0,,0,-,0,0.0,0.0
cermac,2015-02-02 - 2015-02-08,34,0,0.0,0.0,0,,0,521,0,0.0,0.0
cermac,2015-02-09 - 2015-02-15,35,10,0.2,21.09,20,"PRESENTATION: 1, VIDEO: 2, EXERCISELIST: 4, EXERCISE: 13",0,533,4,0.21428571428571427,3.03
cermac,2015-02-16 - 2015-02-22,35,6,0.21428571428571427,22.42,107,"ARTICLE: 1, VIDEO: 4, EXERCISELIST: 10, EXERCISE: 92",0,533,2,0.14285714285714285,17.37
cermac,2015-02-23 - 2015-03-01,36,7,0.22448979591836732,7.34,16,"EXERCISELIST: 1, EXERCISE: 15",0,541,12,0.16666666666666666,9.19
cermac,2015-03-02 - 2015-03-08,36,5,0.19999999999999998,3.58,9,"PRESENTATION: 1, VIDEO: 6, EXERCISELIST: 1, EXERCISE: 1",1,541,123,0.15795586527293845,4.45
cermac,2015-03-09 - 2015-03-15,36,8,0.3392857142857143,27.53,105,"PRESENTATION: 1, VIDEO: 6, EXERCISELIST: 12, EXERCISE: 86",2,556,126,0.19954648526077093,9.35
cermac,2015-03-16 - 2015-03-22,35,14,0.19387755102040813,13.37,65,"ARTICLE: 5, VIDEO: 2, EXERCISELIST: 10, EXERCISE: 48",1,558,160,0.21785714285714292,13.77
cermac,2015-03-23 - 2015-03-29,35,21,0.3741496598639456,24.34,219,"VIDEO: 19, EXERCISELIST: 22, ARTICLE: 6, PRESENTATION: 15, EXERCISE: 157",6,560,346,0.27002477291494636,29.65
cermac,2015-03-30 - 2015-04-05,36,15,0.26666666666666666,24.94,79,"VIDEO: 2, EXERCISELIST: 11, ARTICLE: 2, PRESENTATION: 3, EXERCISE: 61",7,563,282,0.2152988855116515,15.58
cermac,2015-04-06 - 2015-04-12,37,17,0.33613445378151263,25.35,271,"ARTICLE: 5, VIDEO: 9, EXERCISELIST: 15, EXERCISE: 242",3,564,277,0.24497163486333165,16.13
colband,2015-01-19 - 2015-01-25,-,0,0.0,0.0,0,,0,-,0,0.0,0.0
colband,2015-01-26 - 2015-02-01,-,0,0.0,0.0,0,,0,-,0,0.0,0.0
colband,2015-02-02 - 2015-02-08,44,0,0.0,0.0,0,,0,2742,0,0.0,0.0
colband,2015-02-09 - 2015-02-15,43,0,0.0,0.0,0,,0,2743,0,0.0,0.0
colband,2015-02-16 - 2015-02-22,43,0,0.0,0.0,0,,0,2743,0,0.0,4.28
colband,2015-02-23 - 2015-03-01,43,0,0.0,0.0,0,,0,2743,2,0.14285714285714285,0.77
colband,2015-03-02 - 2015-03-08,43,0,0.0,0.0,11,"EXERCISELIST: 2, EXERCISE: 9",3,2744,3,0.14285714285714285,0.83
colband,2015-03-09 - 2015-03-15,43,1,0.14285714285714285,3.74,0,,0,2745,2,0.14285714285714285,0.35
colband,2015-03-16 - 2015-03-22,43,0,0.0,0.0,0,,0,2745,1,0.14285714285714285,85.36
colband,2015-03-23 - 2015-03-29,43,0,0.0,0.0,0,,0,2745,0,0.0,0.0
colband,2015-03-30 - 2015-04-05,43,0,0.0,0.0,0,,0,2745,0,0.0,0.0
colband,2015-04-06 - 2015-04-12,43,0,0.0,0.0,184,EXERCISE: 184,0,2746,2,0.14285714285714285,0.35
cpv,2015-01-19 - 2015-01-25,-,0,0.0,0.0,0,,0,-,0,0.0,0.0
cpv,2015-01-26 - 2015-02-01,-,0,0.0,0.0,0,,0,-,0,0.0,0.0
cpv,2015-02-02 - 2015-02-08,10,1,0.14285714285714285,4.53,2,"ARTICLE: 1, VIDEO: 1",0,616,0,0.0,0.0
cpv,2015-02-09 - 2015-02-15,14,11,0.24675324675324672,10.5,103,"VIDEO: 22, EXERCISELIST: 1, ARTICLE: 12, PRESENTATION: 62, EXERCISE: 6",18,649,141,0.2350557244174265,7.53
cpv,2015-02-16 - 2015-02-22,14,2,0.2857142857142857,11.83,46,"ARTICLE: 12, PRESENTATION: 33, EXERCISELIST: 1",2,652,124,0.25691244239631333,8.42
cpv,2015-02-23 - 2015-03-01,16,8,0.21428571428571427,4.71,20,"PRESENTATION: 7, VIDEO: 1, EXERCISELIST: 4, EXERCISE: 8",0,659,173,0.2972749793559042,11.77
cpv,2015-03-02 - 2015-03-08,16,9,0.2380952380952381,15.91,44,"VIDEO: 7, EXERCISELIST: 1, ARTICLE: 7, PRESENTATION: 23, EXERCISE: 6",3,764,196,0.3112244897959183,12.42
cpv,2015-03-09 - 2015-03-15,17,8,0.23214285714285715,10.11,26,"VIDEO: 19, PRESENTATION: 3, ARTICLE: 4",2,781,175,0.3248979591836735,15.45
cpv,2015-03-16 - 2015-03-22,17,4,0.21428571428571427,7.94,24,PRESENTATION: 24,1,784,257,0.2840466926070039,15.47
cpv,2015-03-23 - 2015-03-29,17,7,0.22448979591836732,5.46,53,"VIDEO: 9, EXERCISELIST: 2, ARTICLE: 2, PRESENTATION: 38, EXERCISE: 2",12,776,217,0.2903225806451613,13.93
cpv,2015-03-30 - 2015-04-05,20,9,0.20634920634920634,10.63,173,"VIDEO: 4, EXERCISELIST: 3, ARTICLE: 2, PRESENTATION: 98, EXERCISE: 66",19,772,185,0.2895752895752896,22.63
cpv,2015-04-06 - 2015-04-12,26,10,0.19999999999999998,2.92,236,"VIDEO: 26, EXERCISELIST: 10, ARTICLE: 1, PRESENTATION: 98, EXERCISE: 101",2,780,178,0.29454253611556985,14.5
amadeus,2015-01-19 - 2015-01-25,-,0,0.0,0.0,0,,0,-,0,0.0,0.0
amadeus,2015-01-26 - 2015-02-01,-,0,0.0,0.0,0,,0,-,0,0.0,0.0
amadeus,2015-02-02 - 2015-02-08,21,4,0.14285714285714285,8.67,19,"VIDEO: 1, EXERCISELIST: 1, ARTICLE: 1, PRESENTATION: 1, EXERCISE: 15",0,358,49,0.14285714285714285,10.23
amadeus,2015-02-09 - 2015-02-15,21,7,0.26530612244897955,24.65,8,"VIDEO: 4, PRESENTATION: 1, EXERCISELIST: 1, EXERCISE: 2",1,359,173,0.4277456647398844,71.49
amadeus,2015-02-16 - 2015-02-22,20,8,0.30357142857142855,14.17,79,"VIDEO: 14, EXERCISELIST: 16, ARTICLE: 11, PRESENTATION: 8, EXERCISE: 30",0,359,144,0.30059523809523814,33.54
amadeus,2015-02-23 - 2015-03-01,20,8,0.26785714285714285,9.88,21,"VIDEO: 1, EXERCISELIST: 2, ARTICLE: 2, PRESENTATION: 4, EXERCISE: 12",2,359,132,0.3279220779220779,34.54
amadeus,2015-03-02 - 2015-03-08,20,9,0.3174603174603175,14.45,31,"VIDEO: 3, EXERCISELIST: 4, ARTICLE: 7, PRESENTATION: 3, EXERCISE: 14",5,359,143,0.32467532467532473,30.69
amadeus,2015-03-09 - 2015-03-15,20,8,0.26785714285714285,10.85,41,"VIDEO: 1, EXERCISELIST: 8, ARTICLE: 2, PRESENTATION: 4, EXERCISE: 26",0,359,137,0.3263816475495308,36.9
amadeus,2015-03-16 - 2015-03-22,20,7,0.32653061224489793,27.49,60,"VIDEO: 4, EXERCISELIST: 4, ARTICLE: 1, PRESENTATION: 11, EXERCISE: 40",1,360,143,0.37162837162837165,45.98
amadeus,2015-03-23 - 2015-03-29,20,5,0.2285714285714286,3.05,8,"ARTICLE: 1, PRESENTATION: 1, EXERCISELIST: 1, EXERCISE: 5",0,361,156,0.5283882783882784,62.88
amadeus,2015-03-30 - 2015-04-05,20,3,0.23809523809523808,5.18,3,PRESENTATION: 3,0,361,120,0.27738095238095234,30.89
amadeus,2015-04-06 - 2015-04-12,20,5,0.22857142857142856,5.42,37,"ARTICLE: 1, PRESENTATION: 3, EXERCISE: 31, EXERCISELIST: 2",0,363,147,0.2964042759961127,22.76
ftec,2015-01-19 - 2015-01-25,-,0,0.0,0.0,0,,0,-,0,0.0,0.0
ftec,2015-01-26 - 2015-02-01,-,0,0.0,0.0,0,,0,-,0,0.0,0.0
ftec,2015-02-02 - 2015-02-08,33,0,0.0,0.0,0,,0,1825,1,0.14285714285714285,0.64
ftec,2015-02-09 - 2015-02-15,35,7,0.26530612244897955,19.4,186,"VIDEO: 4, EXERCISELIST: 11, ARTICLE: 2, PRESENTATION: 7, EXERCISE: 162",4,1826,10,0.2285714285714286,12.6
ftec,2015-02-16 - 2015-02-22,35,4,0.21428571428571427,7.04,10,"PRESENTATION: 2, VIDEO: 1, EXERCISE: 6, EXERCISELIST: 1",0,1826,6,0.19047619047619047,5.29
ftec,2015-02-23 - 2015-03-01,38,9,0.22222222222222224,7.27,19,"ARTICLE: 1, EXERCISELIST: 5, EXERCISE: 13",0,1841,49,0.1690962099125364,3.55
ftec,2015-03-02 - 2015-03-08,43,12,0.29761904761904756,12.45,39,"ARTICLE: 2, VIDEO: 2, EXERCISE: 31, EXERCISELIST: 4",2,1888,98,0.2040816326530612,4.6
ftec,2015-03-09 - 2015-03-15,45,29,0.20689655172413793,28.27,59,"ARTICLE: 4, VIDEO: 3, EXERCISELIST: 7, EXERCISE: 45",4,1397,189,0.17233560090702946,4.23
ftec,2015-03-16 - 2015-03-22,47,7,0.22448979591836735,29.43,30,"VIDEO: 1, EXERCISELIST: 4, ARTICLE: 4, PRESENTATION: 4, EXERCISE: 17",0,1425,219,0.1859099804305284,4.64
ftec,2015-03-23 - 2015-03-29,47,11,0.22077922077922074,25.22,29,"VIDEO: 9, EXERCISELIST: 2, ARTICLE: 3, PRESENTATION: 7, EXERCISE: 8",0,1455,173,0.2138728323699422,8.42
ftec,2015-03-30 - 2015-04-05,47,4,0.39285714285714285,3.13,108,"PRESENTATION: 3, VIDEO: 4, EXERCISE: 94, EXERCISELIST: 7",1,1518,200,0.1992857142857143,7.25
ftec,2015-04-06 - 2015-04-12,48,12,0.33333333333333337,17.01,446,"ARTICLE: 4, VIDEO: 2, EXERCISE: 418, EXERCISELIST: 22",0,1528,186,0.2104454685099846,16.13
cdi,2015-01-19 - 2015-01-25,-,0,0.0,0.0,0,,0,-,0,0.0,0.0
cdi,2015-01-26 - 2015-02-01,-,0,0.0,0.0,0,,0,-,0,0.0,0.0
cdi,2015-02-02 - 2015-02-08,34,0,0.0,0.0,0,,0,1273,0,0.0,0.0
cdi,2015-02-09 - 2015-02-15,39,3,0.14285714285714285,1.0,13,"VIDEO: 1, EXERCISE: 10, EXERCISELIST: 2",2,1273,2,0.21428571428571427,10.45
cdi,2015-02-16 - 2015-02-22,39,2,0.14285714285714285,6.47,0,,0,1273,1,0.14285714285714285,8.81
cdi,2015-02-23 - 2015-03-01,39,1,0.14285714285714285,34.56,0,,0,1274,1,0.14285714285714285,2.3
cdi,2015-03-02 - 2015-03-08,39,3,0.14285714285714285,11.37,0,,3,1274,1,0.2857142857142857,5.8
cdi,2015-03-09 - 2015-03-15,39,0,0.0,0.0,0,,0,22,0,0.0,6.15
cdi,2015-03-16 - 2015-03-22,9,2,0.21428571428571427,4.77,0,,0,22,0,0.0,0.0
cdi,2015-03-23 - 2015-03-29,9,0,0.0,0.0,0,,0,22,0,0.0,0.0
cdi,2015-03-30 - 2015-04-05,9,0,0.0,0.0,0,,0,22,0,0.0,0.0
cdi,2015-04-06 - 2015-04-12,9,0,0.0,0.0,156,EXERCISE: 156,0,23,0,0.0,0.27
psantagema,2015-01-19 - 2015-01-25,-,0,0.0,0.0,0,,0,-,0,0.0,0.0
psantagema,2015-01-26 - 2015-02-01,-,0,0.0,0.0,0,,0,-,0,0.0,0.0
psantagema,2015-02-02 - 2015-02-08,-,0,0.0,0.0,0,,0,-,0,0.0,0.0
psantagema,2015-02-09 - 2015-02-15,-,0,0.0,0.0,0,,0,-,0,0.0,0.0
psantagema,2015-02-16 - 2015-02-22,-,0,0.0,0.0,0,,0,-,0,0.0,0.0
psantagema,2015-02-23 - 2015-03-01,4,0,0.0,0.0,0,,0,46,0,0.0,0.0
psantagema,2015-03-02 - 2015-03-08,5,1,0.2857142857142857,0.92,3,"EXERCISELIST: 1, EXERCISE: 2",1,184,0,0.0,2.27
psantagema,2015-03-09 - 2015-03-15,5,2,0.21428571428571427,35.09,2,VIDEO: 2,1,184,99,0.16017316017316016,4.05
psantagema,2015-03-16 - 2015-03-22,5,2,0.2857142857142857,43.72,22,"VIDEO: 10, EXERCISELIST: 4, EXERCISE: 8",7,184,93,0.17665130568356374,2.58
psantagema,2015-03-23 - 2015-03-29,5,3,0.2857142857142857,15.13,33,"ARTICLE: 1, VIDEO: 2, EXERCISELIST: 8, EXERCISE: 22",7,186,107,0.22029372496662214,9.07
psantagema,2015-03-30 - 2015-04-05,5,2,0.21428571428571427,22.61,5,"VIDEO: 1, EXERCISELIST: 1, EXERCISE: 3",1,186,28,0.17857142857142858,7.71
psantagema,2015-04-06 - 2015-04-12,5,1,0.42857142857142855,53.47,43,"VIDEO: 4, EXERCISE: 32, EXERCISELIST: 7",4,186,50,0.24571428571428575,7.36
campossalles,2015-01-19 - 2015-01-25,-,0,0.0,0.0,0,,0,-,0,0.0,0.0
campossalles,2015-01-26 - 2015-02-01,-,0,0.0,0.0,0,,0,-,0,0.0,0.0
campossalles,2015-02-02 - 2015-02-08,83,2,0.14285714285714285,19.09,10,"ARTICLE: 9, VIDEO: 1",2,1159,2,0.14285714285714285,19.09
campossalles,2015-02-09 - 2015-02-15,85,19,0.18045112781954886,3.92,7,"VIDEO: 2, EXERCISELIST: 1, ARTICLE: 2, PRESENTATION: 1, EXERCISE: 1",6,1161,88,0.2337662337662338,5.44
campossalles,2015-02-16 - 2015-02-22,85,5,0.19999999999999998,16.05,9,"ARTICLE: 1, VIDEO: 8",2,1161,40,0.20357142857142857,4.77
campossalles,2015-02-23 - 2015-03-01,85,13,0.2857142857142857,11.48,10,"VIDEO: 6, PRESENTATION: 3, ARTICLE: 1",4,1164,111,0.250965250965251,5.83
campossalles,2015-03-02 - 2015-03-08,85,15,0.2095238095238095,7.73,19,"ARTICLE: 5, VIDEO: 10, EXERCISELIST: 2, EXERCISE: 2",7,1026,117,0.21001221001221,6.36
campossalles,2015-03-09 - 2015-03-15,87,11,0.1688311688311688,11.03,6,"ARTICLE: 2, PRESENTATION: 1, VIDEO: 3",5,1026,110,0.20649350649350648,4.75
campossalles,2015-03-16 - 2015-03-22,87,10,0.38571428571428573,33.35,55,"VIDEO: 32, EXERCISELIST: 3, ARTICLE: 10, PRESENTATION: 6, EXERCISE: 4",11,1094,229,0.21522145976294443,12.14
campossalles,2015-03-23 - 2015-03-29,89,16,0.2857142857142857,20.23,22,"ARTICLE: 9, VIDEO: 13",9,1098,199,0.19310839913854988,6.08
campossalles,2015-03-30 - 2015-04-05,90,11,0.20779220779220772,17.25,20,"ARTICLE: 7, VIDEO: 9, PRESENTATION: 4",7,1098,184,0.16381987577639753,7.38
campossalles,2015-04-06 - 2015-04-12,91,20,0.2214285714285714,28.87,107,"ARTICLE: 7, VIDEO: 13, EXERCISE: 86, EXERCISELIST: 1",7,1099,276,0.1842650103519669,9.63
emiliaferreiro,2015-01-19 - 2015-01-25,-,0,0.0,0.0,0,,0,-,0,0.0,0.0
emiliaferreiro,2015-01-26 - 2015-02-01,-,0,0.0,0.0,0,,0,-,0,0.0,0.0
emiliaferreiro,2015-02-02 - 2015-02-08,-,0,0.0,0.0,0,,0,-,0,0.0,0.0
emiliaferreiro,2015-02-09 - 2015-02-15,-,0,0.0,0.0,0,,0,-,0,0.0,0.0
emiliaferreiro,2015-02-16 - 2015-02-22,-,0,0.0,0.0,0,,0,-,0,0.0,0.0
emiliaferreiro,2015-02-23 - 2015-03-01,3,3,0.14285714285714285,5.46,0,,0,55,0,0.0,7.13
emiliaferreiro,2015-03-02 - 2015-03-08,3,3,0.14285714285714285,3.99,2,VIDEO: 2,2,55,0,0.0,0.0
emiliaferreiro,2015-03-09 - 2015-03-15,3,2,0.21428571428571427,36.73,5,"ARTICLE: 4, VIDEO: 1",5,55,0,0.0,1.8
emiliaferreiro,2015-03-16 - 2015-03-22,3,0,0.0,0.0,0,,0,68,1,0.14285714285714285,0.9
emiliaferreiro,2015-03-23 - 2015-03-29,3,0,0.0,0.0,0,,0,69,1,0.2857142857142857,0.96
emiliaferreiro,2015-03-30 - 2015-04-05,3,0,0.0,0.0,0,,0,69,0,0.0,0.0
emiliaferreiro,2015-04-06 - 2015-04-12,3,1,0.2857142857142857,37.65,3,VIDEO: 3,0,69,20,0.2357142857142857,7.46
ios,2015-01-19 - 2015-01-25,-,0,0.0,0.0,0,,0,-,0,0.0,0.0
ios,2015-01-26 - 2015-02-01,-,0,0.0,0.0,0,,0,-,0,0.0,0.0
ios,2015-02-02 - 2015-02-08,2,0,0.0,0.0,0,,0,3,0,0.0,0.0
ios,2015-02-09 - 2015-02-15,2,0,0.0,0.0,0,,0,3,0,0.0,0.0
ios,2015-02-16 - 2015-02-22,2,0,0.0,0.0,0,,0,3,0,0.0,0.0
ios,2015-02-23 - 2015-03-01,2,0,0.0,0.0,0,,0,3,0,0.0,0.0
ios,2015-03-02 - 2015-03-08,2,0,0.0,0.0,0,,1,3,0,0.0,0.0
ios,2015-03-09 - 2015-03-15,2,0,0.0,0.0,0,,0,3,0,0.0,0.0
ios,2015-03-16 - 2015-03-22,2,0,0.0,0.0,0,,0,3,0,0.0,0.0
ios,2015-03-23 - 2015-03-29,2,0,0.0,0.0,0,,0,3,0,0.0,0.0
ios,2015-03-30 - 2015-04-05,2,0,0.0,0.0,0,,0,3,0,0.0,0.0
ios,2015-04-06 - 2015-04-12,2,0,0.0,0.0,0,,0,3,0,0.0,0.83
smartz,2015-01-19 - 2015-01-25,-,0,0.0,0.0,0,,0,-,0,0.0,0.0
smartz,2015-01-26 - 2015-02-01,-,0,0.0,0.0,0,,0,-,0,0.0,0.0
smartz,2015-02-02 - 2015-02-08,-,0,0.0,0.0,0,,0,-,0,0.0,0.0
smartz,2015-02-09 - 2015-02-15,-,0,0.0,0.0,0,,0,-,0,0.0,0.0
smartz,2015-02-16 - 2015-02-22,-,0,0.0,0.0,0,,0,-,0,0.0,0.0
smartz,2015-02-23 - 2015-03-01,4,2,0.14285714285714285,0.12,11,"VIDEO: 1, EXERCISELIST: 1, EXERCISE: 9",1,145,1,0.14285714285714285,0.69
smartz,2015-03-02 - 2015-03-08,4,0,0.0,0.0,0,,1,146,1,0.14285714285714285,0.11
smartz,2015-03-09 - 2015-03-15,4,1,0.14285714285714285,10.61,0,,1,147,0,0.0,0.0
smartz,2015-03-16 - 2015-03-22,4,1,0.14285714285714285,73.42,2,VIDEO: 2,1,147,0,0.0,2.47
smartz,2015-03-23 - 2015-03-29,4,1,0.14285714285714285,0.77,0,,0,147,0,0.0,0.0
smartz,2015-03-30 - 2015-04-05,4,0,0.0,0.0,0,,0,147,0,0.0,0.0
smartz,2015-04-06 - 2015-04-12,4,0,0.0,0.0,0,,0,147,0,0.0,0.05
sersorocaba,2015-01-19 - 2015-01-25,-,0,0.0,0.0,0,,0,-,0,0.0,0.0
sersorocaba,2015-01-26 - 2015-02-01,-,0,0.0,0.0,0,,0,-,0,0.0,0.0
sersorocaba,2015-02-02 - 2015-02-08,-,0,0.0,0.0,0,,0,-,0,0.0,0.0
sersorocaba,2015-02-09 - 2015-02-15,-,0,0.0,0.0,0,,0,-,0,0.0,0.0
sersorocaba,2015-02-16 - 2015-02-22,-,0,0.0,0.0,0,,0,-,0,0.0,0.0
sersorocaba,2015-02-23 - 2015-03-01,-,0,0.0,0.0,0,,0,-,0,0.0,0.0
sersorocaba,2015-03-02 - 2015-03-08,-,0,0.0,0.0,0,,0,-,0,0.0,0.0
sersorocaba,2015-03-09 - 2015-03-15,-,0,0.0,0.0,0,,0,-,0,0.0,0.0
sersorocaba,2015-03-16 - 2015-03-22,-,0,0.0,0.0,0,,0,-,0,0.0,0.0
sersorocaba,2015-03-23 - 2015-03-29,-,0,0.0,0.0,0,,0,-,0,0.0,0.0
sersorocaba,2015-03-30 - 2015-04-05,4,4,0.21428571428571427,8.68,0,,1,0,1,0.14285714285714285,8.82
sersorocaba,2015-04-06 - 2015-04-12,4,2,0.2857142857142857,75.76,0,,0,340,0,0.0,5.86
educandario,2015-01-19 - 2015-01-25,-,0,0.0,0.0,0,,0,-,0,0.0,0.0
educandario,2015-01-26 - 2015-02-01,-,0,0.0,0.0,0,,0,-,0,0.0,0.0
educandario,2015-02-02 - 2015-02-08,-,0,0.0,0.0,0,,0,-,0,0.0,0.0
educandario,2015-02-09 - 2015-02-15,-,0,0.0,0.0,0,,0,-,0,0.0,0.0
educandario,2015-02-16 - 2015-02-22,-,0,0.0,0.0,0,,0,-,0,0.0,0.0
educandario,2015-02-23 - 2015-03-01,-,0,0.0,0.0,0,,0,-,0,0.0,0.0
educandario,2015-03-02 - 2015-03-08,-,0,0.0,0.0,0,,0,-,0,0.0,0.0
educandario,2015-03-09 - 2015-03-15,-,0,0.0,0.0,0,,0,-,0,0.0,0.0
educandario,2015-03-16 - 2015-03-22,2,0,0.0,0.0,0,,0,0,0,0.0,0.0
educandario,2015-03-23 - 2015-03-29,3,1,0.14285714285714285,0.07,0,,0,110,0,0.0,0.0
educandario,2015-03-30 - 2015-04-05,3,0,0.0,0.0,0,,0,110,1,0.14285714285714285,0.7
educandario,2015-04-06 - 2015-04-12,3,1,0.14285714285714285,2.34,0,,0,111,0,0.0,0.47
cesc,2015-01-19 - 2015-01-25,-,0,0.0,0.0,0,,0,-,0,0.0,0.0
cesc,2015-01-26 - 2015-02-01,-,0,0.0,0.0,0,,0,-,0,0.0,0.0
cesc,2015-02-02 - 2015-02-08,-,0,0.0,0.0,0,,0,-,0,0.0,0.0
cesc,2015-02-09 - 2015-02-15,-,0,0.0,0.0,0,,0,-,0,0.0,0.0
cesc,2015-02-16 - 2015-02-22,-,0,0.0,0.0,0,,0,-,0,0.0,0.0
cesc,2015-02-23 - 2015-03-01,-,0,0.0,0.0,0,,0,-,0,0.0,0.0
cesc,2015-03-02 - 2015-03-08,-,0,0.0,0.0,0,,0,-,0,0.0,0.0
cesc,2015-03-09 - 2015-03-15,-,0,0.0,0.0,0,,0,-,0,0.0,0.0
cesc,2015-03-16 - 2015-03-22,0,0,0.0,0.0,0,,0,1,0,0.0,0.0
cesc,2015-03-23 - 2015-03-29,0,0,0.0,0.0,0,,0,1,0,0.0,0.0
cesc,2015-03-30 - 2015-04-05,0,0,0.0,0.0,0,,0,1,0,0.0,0.14
cesc,2015-04-06 - 2015-04-12,3,4,0.14285714285714285,0.06,0,,1,94,1,0.14285714285714285,1.12
ruibarbosa,2015-01-19 - 2015-01-25,-,0,0.0,0.0,0,,0,-,0,0.0,0.0
ruibarbosa,2015-01-26 - 2015-02-01,-,0,0.0,0.0,0,,0,-,0,0.0,0.0
ruibarbosa,2015-02-02 - 2015-02-08,-,0,0.0,0.0,0,,0,-,0,0.0,0.0
ruibarbosa,2015-02-09 - 2015-02-15,-,0,0.0,0.0,0,,0,-,0,0.0,0.0
ruibarbosa,2015-02-16 - 2015-02-22,-,0,0.0,0.0,0,,0,-,0,0.0,0.0
ruibarbosa,2015-02-23 - 2015-03-01,-,0,0.0,0.0,0,,0,-,0,0.0,0.0
ruibarbosa,2015-03-02 - 2015-03-08,-,0,0.0,0.0,0,,0,-,0,0.0,0.0
ruibarbosa,2015-03-09 - 2015-03-15,2,0,0.0,0.0,0,,0,0,0,0.0,0.0
ruibarbosa,2015-03-16 - 2015-03-22,2,0,0.0,0.0,0,,0,0,0,0.0,0.0
ruibarbosa,2015-03-23 - 2015-03-29,2,0,0.0,0.0,0,,0,0,0,0.0,0.0
ruibarbosa,2015-03-30 - 2015-04-05,2,0,0.0,0.0,0,,0,0,0,0.0,0.0
ruibarbosa,2015-04-06 - 2015-04-12,3,3,0.14285714285714285,0.04,0,,1,1,0,0.0,5.51
joseflorencio,2015-01-19 - 2015-01-25,-,0,0.0,0.0,0,,0,-,0,0.0,0.0
joseflorencio,2015-01-26 - 2015-02-01,-,0,0.0,0.0,0,,0,-,0,0.0,0.0
joseflorencio,2015-02-02 - 2015-02-08,-,0,0.0,0.0,0,,0,-,0,0.0,0.0
joseflorencio,2015-02-09 - 2015-02-15,-,0,0.0,0.0,0,,0,-,0,0.0,0.0
joseflorencio,2015-02-16 - 2015-02-22,-,0,0.0,0.0,0,,0,-,0,0.0,0.0
joseflorencio,2015-02-23 - 2015-03-01,-,0,0.0,0.0,0,,0,-,0,0.0,0.0
joseflorencio,2015-03-02 - 2015-03-08,-,0,0.0,0.0,0,,0,-,0,0.0,0.0
joseflorencio,2015-03-09 - 2015-03-15,-,0,0.0,0.0,0,,0,-,0,0.0,0.0
joseflorencio,2015-03-16 - 2015-03-22,-,0,0.0,0.0,0,,0,-,0,0.0,0.0
joseflorencio,2015-03-23 - 2015-03-29,-,0,0.0,0.0,0,,0,-,0,0.0,0.0
joseflorencio,2015-03-30 - 2015-04-05,0,0,0.0,0.0,0,,0,1,1,0.14285714285714285,0.39
joseflorencio,2015-04-06 - 2015-04-12,2,4,0.25,4.48,0,,1,46,2,0.14285714285714285,2.37
colegioequipe,2015-01-19 - 2015-01-25,-,0,0.0,0.0,0,,0,-,0,0.0,0.0
colegioequipe,2015-01-26 - 2015-02-01,-,0,0.0,0.0,0,,0,-,0,0.0,0.0
colegioequipe,2015-02-02 - 2015-02-08,-,0,0.0,0.0,0,,0,-,0,0.0,0.0
colegioequipe,2015-02-09 - 2015-02-15,-,0,0.0,0.0,0,,0,-,0,0.0,0.0
colegioequipe,2015-02-16 - 2015-02-22,-,0,0.0,0.0,0,,0,-,0,0.0,0.0
colegioequipe,2015-02-23 - 2015-03-01,-,0,0.0,0.0,0,,0,-,0,0.0,0.0
colegioequipe,2015-03-02 - 2015-03-08,-,0,0.0,0.0,0,,0,-,0,0.0,0.0
colegioequipe,2015-03-09 - 2015-03-15,5,4,0.17857142857142858,0.09,0,,1,181,1,0.14285714285714285,1.72
colegioequipe,2015-03-16 - 2015-03-22,5,0,0.0,0.0,0,,0,169,3,0.23809523809523808,3.52
colegioequipe,2015-03-23 - 2015-03-29,5,0,0.0,0.0,0,,0,169,0,0.0,0.0
colegioequipe,2015-03-30 - 2015-04-05,5,0,0.0,0.0,0,,1,169,1,0.14285714285714285,15.88
colegioequipe,2015-04-06 - 2015-04-12,5,1,0.42857142857142855,88.09,30,"PRESENTATION: 1, VIDEO: 2, EXERCISELIST: 4, EXERCISE: 23",4,166,153,0.2072829131652661,16.02
leonor,2015-01-19 - 2015-01-25,-,0,0.0,0.0,0,,0,-,0,0.0,0.0
leonor,2015-01-26 - 2015-02-01,-,0,0.0,0.0,0,,0,-,0,0.0,0.0
leonor,2015-02-02 - 2015-02-08,-,0,0.0,0.0,0,,0,-,0,0.0,0.0
leonor,2015-02-09 - 2015-02-15,-,0,0.0,0.0,0,,0,-,0,0.0,0.0
leonor,2015-02-16 - 2015-02-22,-,0,0.0,0.0,0,,0,-,0,0.0,0.0
leonor,2015-02-23 - 2015-03-01,-,0,0.0,0.0,0,,0,-,0,0.0,0.0
leonor,2015-03-02 - 2015-03-08,-,0,0.0,0.0,0,,0,-,0,0.0,0.0
leonor,2015-03-09 - 2015-03-15,-,0,0.0,0.0,0,,0,-,0,0.0,0.0
leonor,2015-03-16 - 2015-03-22,-,0,0.0,0.0,0,,0,-,0,0.0,0.0
leonor,2015-03-23 - 2015-03-29,-,0,0.0,0.0,0,,0,-,0,0.0,0.0
leonor,2015-03-30 - 2015-04-05,0,0,0.0,0.0,0,,0,1,1,0.14285714285714285,0.47
leonor,2015-04-06 - 2015-04-12,0,0,0.0,0.91,0,,0,3,0,0.0,0.97
mestre,2015-01-19 - 2015-01-25,-,0,0.0,0.0,0,,0,-,0,0.0,0.0
mestre,2015-01-26 - 2015-02-01,-,0,0.0,0.0,0,,0,-,0,0.0,0.0
mestre,2015-02-02 - 2015-02-08,-,0,0.0,0.0,0,,0,-,0,0.0,0.0
mestre,2015-02-09 - 2015-02-15,-,0,0.0,0.0,0,,0,-,0,0.0,0.0
mestre,2015-02-16 - 2015-02-22,-,0,0.0,0.0,0,,0,-,0,0.0,0.0
mestre,2015-02-23 - 2015-03-01,-,0,0.0,0.0,0,,0,-,0,0.0,0.0
mestre,2015-03-02 - 2015-03-08,-,0,0.0,0.0,0,,0,-,0,0.0,0.0
mestre,2015-03-09 - 2015-03-15,-,0,0.0,0.0,0,,0,-,0,0.0,0.0
mestre,2015-03-16 - 2015-03-22,-,0,0.0,0.0,0,,0,-,0,0.0,0.0
mestre,2015-03-23 - 2015-03-29,-,0,0.0,0.0,0,,0,-,0,0.0,0.0
mestre,2015-03-30 - 2015-04-05,0,0,0.0,0.0,0,,0,165,1,0.14285714285714285,2.26
mestre,2015-04-06 - 2015-04-12,2,2,0.2857142857142857,0.79,0,,1,166,4,0.14285714285714285,2.6
fito,2015-01-19 - 2015-01-25,-,0,0.0,0.0,0,,0,-,0,0.0,0.0
fito,2015-01-26 - 2015-02-01,-,0,0.0,0.0,0,,0,-,0,0.0,0.0
fito,2015-02-02 - 2015-02-08,-,0,0.0,0.0,0,,0,-,0,0.0,0.0
fito,2015-02-09 - 2015-02-15,-,0,0.0,0.0,0,,0,-,0,0.0,0.0
fito,2015-02-16 - 2015-02-22,-,0,0.0,0.0,0,,0,-,0,0.0,0.0
fito,2015-02-23 - 2015-03-01,0,0,0.0,0.0,0,,0,0,0,0.0,0.0
fito,2015-03-02 - 2015-03-08,0,0,0.0,0.0,0,,1,0,0,0.0,6.86
fito,2015-03-09 - 2015-03-15,0,0,0.0,0.0,0,,0,0,0,0.0,0.0
fito,2015-03-16 - 2015-03-22,0,0,0.0,0.0,0,,0,0,0,0.0,0.0
fito,2015-03-23 - 2015-03-29,0,0,0.0,0.0,0,,0,0,0,0.0,0.0
fito,2015-03-30 - 2015-04-05,0,0,0.0,0.0,0,,0,0,0,0.0,0.0
fito,2015-04-06 - 2015-04-12,0,0,0.0,0.0,0,,0,0,0,0.0,0.54
principedapaz,2015-01-19 - 2015-01-25,-,0,0.0,0.0,0,,0,-,0,0.0,0.0
principedapaz,2015-01-26 - 2015-02-01,-,0,0.0,0.0,0,,0,-,0,0.0,0.0
principedapaz,2015-02-02 - 2015-02-08,-,0,0.0,0.0,0,,0,-,0,0.0,0.0
principedapaz,2015-02-09 - 2015-02-15,-,0,0.0,0.0,0,,0,-,0,0.0,0.0
principedapaz,2015-02-16 - 2015-02-22,-,0,0.0,0.0,0,,0,-,0,0.0,0.0
principedapaz,2015-02-23 - 2015-03-01,-,0,0.0,0.0,0,,0,-,0,0.0,0.0
principedapaz,2015-03-02 - 2015-03-08,-,0,0.0,0.0,0,,0,-,0,0.0,0.0
principedapaz,2015-03-09 - 2015-03-15,0,0,0.0,0.0,0,,0,0,0,0.0,0.0
principedapaz,2015-03-16 - 2015-03-22,0,0,0.0,0.0,0,,0,0,0,0.0,0.0
principedapaz,2015-03-23 - 2015-03-29,0,0,0.0,0.0,0,,0,0,0,0.0,0.0
principedapaz,2015-03-30 - 2015-04-05,0,0,0.0,0.0,0,,0,144,0,0.0,0.0
principedapaz,2015-04-06 - 2015-04-12,0,0,0.0,0.0,0,,0,144,0,0.0,32.63
geracaocolegioecurso,2015-01-19 - 2015-01-25,-,0,0.0,0.0,0,,0,-,0,0.0,0.0
geracaocolegioecurso,2015-01-26 - 2015-02-01,-,0,0.0,0.0,0,,0,-,0,0.0,0.0
geracaocolegioecurso,2015-02-02 - 2015-02-08,-,0,0.0,0.0,0,,0,-,0,0.0,0.0
geracaocolegioecurso,2015-02-09 - 2015-02-15,-,0,0.0,0.0,0,,0,-,0,0.0,0.0
geracaocolegioecurso,2015-02-16 - 2015-02-22,-,0,0.0,0.0,0,,0,-,0,0.0,0.0
geracaocolegioecurso,2015-02-23 - 2015-03-01,-,0,0.0,0.0,0,,0,-,0,0.0,0.0
geracaocolegioecurso,2015-03-02 - 2015-03-08,-,0,0.0,0.0,0,,0,-,0,0.0,0.0
geracaocolegioecurso,2015-03-09 - 2015-03-15,-,0,0.0,0.0,0,,0,-,0,0.0,0.0
geracaocolegioecurso,2015-03-16 - 2015-03-22,-,0,0.0,0.0,0,,0,-,0,0.0,0.0
geracaocolegioecurso,2015-03-23 - 2015-03-29,-,0,0.0,0.0,0,,0,-,0,0.0,0.0
geracaocolegioecurso,2015-03-30 - 2015-04-05,-,0,0.0,0.0,0,,0,-,0,0.0,0.0
geracaocolegioecurso,2015-04-06 - 2015-04-12,1,0,0.0,0.0,1,EXERCISE: 1,0,1,1,0.14285714285714285,0.12
ginasioanchieta,2015-01-19 - 2015-01-25,-,0,0.0,0.0,0,,0,-,0,0.0,0.0
ginasioanchieta,2015-01-26 - 2015-02-01,-,0,0.0,0.0,0,,0,-,0,0.0,0.0
ginasioanchieta,2015-02-02 - 2015-02-08,-,0,0.0,0.0,0,,0,-,0,0.0,0.0
ginasioanchieta,2015-02-09 - 2015-02-15,-,0,0.0,0.0,0,,0,-,0,0.0,0.0
ginasioanchieta,2015-02-16 - 2015-02-22,-,0,0.0,0.0,0,,0,-,0,0.0,0.0
ginasioanchieta,2015-02-23 - 2015-03-01,-,0,0.0,0.0,0,,0,-,0,0.0,0.0
ginasioanchieta,2015-03-02 - 2015-03-08,-,0,0.0,0.0,0,,0,-,0,0.0,0.0
ginasioanchieta,2015-03-09 - 2015-03-15,2,0,0.0,0.0,0,,0,1,0,0.0,0.0
ginasioanchieta,2015-03-16 - 2015-03-22,4,3,0.14285714285714285,0.1,0,,1,0,0,0.0,0.0
ginasioanchieta,2015-03-23 - 2015-03-29,4,0,0.0,0.0,0,,0,94,2,0.14285714285714285,2.91
ginasioanchieta,2015-03-30 - 2015-04-05,4,0,0.0,0.0,0,,0,94,0,0.0,0.0
ginasioanchieta,2015-04-06 - 2015-04-12,4,0,0.0,0.0,0,,0,95,0,0.0,0.36
virgempoderosa,2015-01-19 - 2015-01-25,-,0,0.0,0.0,0,,0,-,0,0.0,0.0
virgempoderosa,2015-01-26 - 2015-02-01,-,0,0.0,0.0,0,,0,-,0,0.0,0.0
virgempoderosa,2015-02-02 - 2015-02-08,-,0,0.0,0.0,0,,0,-,0,0.0,0.0
virgempoderosa,2015-02-09 - 2015-02-15,-,0,0.0,0.0,0,,0,-,0,0.0,0.0
virgempoderosa,2015-02-16 - 2015-02-22,-,0,0.0,0.0,0,,0,-,0,0.0,0.0
virgempoderosa,2015-02-23 - 2015-03-01,-,0,0.0,0.0,0,,0,-,0,0.0,0.0
virgempoderosa,2015-03-02 - 2015-03-08,-,0,0.0,0.0,0,,0,-,0,0.0,0.0
virgempoderosa,2015-03-09 - 2015-03-15,-,0,0.0,0.0,0,,0,-,0,0.0,0.0
virgempoderosa,2015-03-16 - 2015-03-22,-,0,0.0,0.0,0,,0,-,0,0.0,0.0
virgempoderosa,2015-03-23 - 2015-03-29,-,0,0.0,0.0,0,,0,-,0,0.0,0.0
virgempoderosa,2015-03-30 - 2015-04-05,1,0,0.0,0.0,0,,0,2,0,0.0,0.0
virgempoderosa,2015-04-06 - 2015-04-12,3,3,0.14285714285714285,0.04,2,EXERCISE: 2,1,2,0,0.0,4.68
sidarta,2015-01-19 - 2015-01-25,-,0,0.0,0.0,0,,0,-,0,0.0,0.0
sidarta,2015-01-26 - 2015-02-01,-,0,0.0,0.0,0,,0,-,0,0.0,0.0
sidarta,2015-02-02 - 2015-02-08,-,0,0.0,0.0,0,,0,-,0,0.0,0.0
sidarta,2015-02-09 - 2015-02-15,-,0,0.0,0.0,0,,0,-,0,0.0,0.0
sidarta,2015-02-16 - 2015-02-22,-,0,0.0,0.0,0,,0,-,0,0.0,0.0
sidarta,2015-02-23 - 2015-03-01,-,0,0.0,0.0,0,,0,-,0,0.0,0.0
sidarta,2015-03-02 - 2015-03-08,-,0,0.0,0.0,0,,0,-,0,0.0,0.0
sidarta,2015-03-09 - 2015-03-15,-,0,0.0,0.0,0,,0,-,0,0.0,0.0
sidarta,2015-03-16 - 2015-03-22,-,0,0.0,0.0,0,,0,-,0,0.0,0.0
sidarta,2015-03-23 - 2015-03-29,-,0,0.0,0.0,0,,0,-,0,0.0,0.0
sidarta,2015-03-30 - 2015-04-05,3,0,0.0,0.0,0,,0,69,0,0.0,0.77
sidarta,2015-04-06 - 2015-04-12,3,0,0.0,0.0,5,EXERCISE: 5,0,69,0,0.0,4.06
migueldecervantes,2015-01-19 - 2015-01-25,-,0,0.0,0.0,0,,0,-,0,0.0,0.0
migueldecervantes,2015-01-26 - 2015-02-01,-,0,0.0,0.0,0,,0,-,0,0.0,0.0
migueldecervantes,2015-02-02 - 2015-02-08,-,0,0.0,0.0,0,,0,-,0,0.0,0.0
migueldecervantes,2015-02-09 - 2015-02-15,-,0,0.0,0.0,0,,0,-,0,0.0,0.0
migueldecervantes,2015-02-16 - 2015-02-22,-,0,0.0,0.0,0,,0,-,0,0.0,0.0
migueldecervantes,2015-02-23 - 2015-03-01,4,3,0.14285714285714285,6.52,0,,2,108,0,0.0,1.85
migueldecervantes,2015-03-02 - 2015-03-08,4,2,0.14285714285714285,1.05,0,,1,120,0,0.0,4.9
migueldecervantes,2015-03-09 - 2015-03-15,4,1,0.42857142857142855,20.19,9,"ARTICLE: 1, EXERCISE: 6, EXERCISELIST: 2",1,120,12,0.14285714285714285,3.73
migueldecervantes,2015-03-16 - 2015-03-22,4,1,0.2857142857142857,7.97,0,,0,120,1,0.14285714285714285,6.67
migueldecervantes,2015-03-23 - 2015-03-29,4,1,0.14285714285714285,0.7,0,,0,120,0,0.0,0.0
migueldecervantes,2015-03-30 - 2015-04-05,4,0,0.0,0.0,0,,0,120,0,0.0,0.0
migueldecervantes,2015-04-06 - 2015-04-12,4,0,0.0,0.0,0,,0,120,0,0.0,0.86
paulofreire,2015-01-19 - 2015-01-25,-,0,0.0,0.0,0,,0,-,0,0.0,0.0
paulofreire,2015-01-26 - 2015-02-01,-,0,0.0,0.0,0,,0,-,0,0.0,0.0
paulofreire,2015-02-02 - 2015-02-08,-,0,0.0,0.0,0,,0,-,0,0.0,0.0
paulofreire,2015-02-09 - 2015-02-15,-,0,0.0,0.0,0,,0,-,0,0.0,0.0
paulofreire,2015-02-16 - 2015-02-22,-,0,0.0,0.0,0,,0,-,0,0.0,0.0
paulofreire,2015-02-23 - 2015-03-01,-,0,0.0,0.0,0,,0,-,0,0.0,0.0
paulofreire,2015-03-02 - 2015-03-08,-,0,0.0,0.0,0,,0,-,0,0.0,0.0
paulofreire,2015-03-09 - 2015-03-15,-,0,0.0,0.0,0,,0,-,0,0.0,0.0
paulofreire,2015-03-16 - 2015-03-22,-,0,0.0,0.0,0,,0,-,0,0.0,0.0
paulofreire,2015-03-23 - 2015-03-29,-,0,0.0,0.0,0,,0,-,0,0.0,0.0
paulofreire,2015-03-30 - 2015-04-05,-,0,0.0,0.0,0,,0,-,0,0.0,0.0
paulofreire,2015-04-06 - 2015-04-12,3,3,0.14285714285714285,0.15,0,,2,1,2,0.14285714285714285,2.85
